프리팹명,할당된 레이어,컬링 거리,경로
BigTerrain02_002,Buildings,무한,Assets/_DLNK/Essential Terrain Pack/[PREFABS]/01 Terrain Big/BigTerrain02_002.prefab
Cypress00,Buildings,무한,Assets/_DLNK/Essential Terrain Pack/[PREFABS]/03 Detail Big/Trees/Cypress00.prefab
ETP_Tree_2_00c,Buildings,무한,Assets/_DLNK/Essential Terrain Pack/[PREFABS]/03 Detail Big/Trees/ETP_Tree_2_00c.prefab
ETP_Grass00_LOD,Buildings,무한,Assets/_DLNK/Essential Terrain Pack/[PREFABS]/04 Detail Small/Grass/ETP_Grass00_LOD.prefab
ETP_Plants_11,Buildings,무한,Assets/_DLNK/Essential Terrain Pack/[PREFABS]/04 Detail Small/Plants/ETP_Plants_11.prefab
ETP_Plants_11b Variant,Buildings,무한,Assets/_DLNK/Essential Terrain Pack/[PREFABS]/04 Detail Small/Plants/ETP_Plants_11b Variant.prefab
PalmPlant00,Buildings,무한,Assets/_DLNK/Essential Terrain Pack/[PREFABS]/04 Detail Small/Plants/PalmPlant00.prefab
PalmPlant00b Variant,Buildings,무한,Assets/_DLNK/Essential Terrain Pack/[PREFABS]/04 Detail Small/Plants/PalmPlant00b Variant.prefab
CloudSystem00,Buildings,무한,Assets/_DLNK/Essential Terrain Pack/[PREFABS]/05 FX/Clouds/CloudSystem00.prefab
CityTerrain_Base_0.5x0.5,Buildings,무한,Assets/_DLNK/Neon City/[Prefabs]/City Builder/0_Basic/Building Elements/Basic Shapes/Horizontal/CityTerrain_Base_0.5x0.5.prefab
CityTerrain_Base_1x0.5,Buildings,무한,Assets/_DLNK/Neon City/[Prefabs]/City Builder/0_Basic/Building Elements/Basic Shapes/Horizontal/CityTerrain_Base_1x0.5.prefab
CityTerrain_Base_1x1,Buildings,무한,Assets/_DLNK/Neon City/[Prefabs]/City Builder/0_Basic/Building Elements/Basic Shapes/Horizontal/CityTerrain_Base_1x1.prefab
CityTerrain_Base_2.5x2.5,Buildings,무한,Assets/_DLNK/Neon City/[Prefabs]/City Builder/0_Basic/Building Elements/Basic Shapes/Horizontal/CityTerrain_Base_2.5x2.5.prefab
CityTerrain_Base_2x0.5,Buildings,무한,Assets/_DLNK/Neon City/[Prefabs]/City Builder/0_Basic/Building Elements/Basic Shapes/Horizontal/CityTerrain_Base_2x0.5.prefab
CityTerrain_Base_2x1,Buildings,무한,Assets/_DLNK/Neon City/[Prefabs]/City Builder/0_Basic/Building Elements/Basic Shapes/Horizontal/CityTerrain_Base_2x1.prefab
CityTerrain_Base_2x2,Buildings,무한,Assets/_DLNK/Neon City/[Prefabs]/City Builder/0_Basic/Building Elements/Basic Shapes/Horizontal/CityTerrain_Base_2x2.prefab
CityTerrain_Base_5x2.5,Buildings,무한,Assets/_DLNK/Neon City/[Prefabs]/City Builder/0_Basic/Building Elements/Basic Shapes/Horizontal/CityTerrain_Base_5x2.5.prefab
CityTerrain_Base_5x5,Buildings,무한,Assets/_DLNK/Neon City/[Prefabs]/City Builder/0_Basic/Building Elements/Basic Shapes/Horizontal/CityTerrain_Base_5x5.prefab
CityTerrain_Base_10x5,Buildings,무한,Assets/_DLNK/Neon City/[Prefabs]/City Builder/0_Basic/Building Elements/Basic Shapes/Horizontal/CityTerrain_Base_10x5.prefab
CityTerrain_Base_10x10,Buildings,무한,Assets/_DLNK/Neon City/[Prefabs]/City Builder/0_Basic/Building Elements/Basic Shapes/Horizontal/CityTerrain_Base_10x10.prefab
CityTerrain_Base_arcwall3x5x2.5,Buildings,무한,Assets/_DLNK/Neon City/[Prefabs]/City Builder/0_Basic/Building Elements/Basic Shapes/Horizontal/CityTerrain_Base_arcwall3x5x2.5.prefab
CityTerrain_Base_arcwallhalf3x2.5x2.5,Buildings,무한,Assets/_DLNK/Neon City/[Prefabs]/City Builder/0_Basic/Building Elements/Basic Shapes/Horizontal/CityTerrain_Base_arcwallhalf3x2.5x2.5.prefab
CityTerrain_Base_corner1x1,Buildings,무한,Assets/_DLNK/Neon City/[Prefabs]/City Builder/0_Basic/Building Elements/Basic Shapes/Horizontal/CityTerrain_Base_corner1x1.prefab
CityTerrain_Base_corner2x2,Buildings,무한,Assets/_DLNK/Neon City/[Prefabs]/City Builder/0_Basic/Building Elements/Basic Shapes/Horizontal/CityTerrain_Base_corner2x2.prefab
CityTerrain_Base_corner5x2.5,Buildings,무한,Assets/_DLNK/Neon City/[Prefabs]/City Builder/0_Basic/Building Elements/Basic Shapes/Horizontal/CityTerrain_Base_corner5x2.5.prefab
CityTerrain_Base_corner5x5,Buildings,무한,Assets/_DLNK/Neon City/[Prefabs]/City Builder/0_Basic/Building Elements/Basic Shapes/Horizontal/CityTerrain_Base_corner5x5.prefab
CityTerrain_Base_ramp3x0.5x2.5,Buildings,무한,Assets/_DLNK/Neon City/[Prefabs]/City Builder/0_Basic/Building Elements/Basic Shapes/Horizontal/CityTerrain_Base_ramp3x0.5x2.5.prefab
CityTerrain_Base_ramp3x1x2.5,Buildings,무한,Assets/_DLNK/Neon City/[Prefabs]/City Builder/0_Basic/Building Elements/Basic Shapes/Horizontal/CityTerrain_Base_ramp3x1x2.5.prefab
CityTerrain_Base_ramp3x2.5x2.5,Buildings,무한,Assets/_DLNK/Neon City/[Prefabs]/City Builder/0_Basic/Building Elements/Basic Shapes/Horizontal/CityTerrain_Base_ramp3x2.5x2.5.prefab
CityTerrain_Base_ramp3x5x5,Buildings,무한,Assets/_DLNK/Neon City/[Prefabs]/City Builder/0_Basic/Building Elements/Basic Shapes/Horizontal/CityTerrain_Base_ramp3x5x5.prefab
CityTerrain_Base_1x2.5,Buildings,무한,Assets/_DLNK/Neon City/[Prefabs]/City Builder/0_Basic/Building Elements/Basic Shapes/Vertical/CityTerrain_Base_1x2.5.prefab
CityTerrain_Base_1x5,Buildings,무한,Assets/_DLNK/Neon City/[Prefabs]/City Builder/0_Basic/Building Elements/Basic Shapes/Vertical/CityTerrain_Base_1x5.prefab
CityTerrain_Base_1x10,Buildings,무한,Assets/_DLNK/Neon City/[Prefabs]/City Builder/0_Basic/Building Elements/Basic Shapes/Vertical/CityTerrain_Base_1x10.prefab
CityTerrain_Base_3x0.5,Buildings,무한,Assets/_DLNK/Neon City/[Prefabs]/City Builder/0_Basic/Building Elements/Basic Shapes/Vertical/CityTerrain_Base_3x0.5.prefab
CityTerrain_Base_3x1,Buildings,무한,Assets/_DLNK/Neon City/[Prefabs]/City Builder/0_Basic/Building Elements/Basic Shapes/Vertical/CityTerrain_Base_3x1.prefab
CityTerrain_Base_3x2.5,Buildings,무한,Assets/_DLNK/Neon City/[Prefabs]/City Builder/0_Basic/Building Elements/Basic Shapes/Vertical/CityTerrain_Base_3x2.5.prefab
CityTerrain_Base_3x5,Buildings,무한,Assets/_DLNK/Neon City/[Prefabs]/City Builder/0_Basic/Building Elements/Basic Shapes/Vertical/CityTerrain_Base_3x5.prefab
CityTerrain_Base_3x10,Buildings,무한,Assets/_DLNK/Neon City/[Prefabs]/City Builder/0_Basic/Building Elements/Basic Shapes/Vertical/CityTerrain_Base_3x10.prefab
CityTerrain_Base_arcwall3x5,Buildings,무한,Assets/_DLNK/Neon City/[Prefabs]/City Builder/0_Basic/Building Elements/Basic Shapes/Vertical/CityTerrain_Base_arcwall3x5.prefab
CityTerrain_Base_arcwallhalf3x2.5,Buildings,무한,Assets/_DLNK/Neon City/[Prefabs]/City Builder/0_Basic/Building Elements/Basic Shapes/Vertical/CityTerrain_Base_arcwallhalf3x2.5.prefab
CityTerrain_Base_cornerwall1x1,Buildings,무한,Assets/_DLNK/Neon City/[Prefabs]/City Builder/0_Basic/Building Elements/Basic Shapes/Vertical/CityTerrain_Base_cornerwall1x1.prefab
CityTerrain_Base_cornerwall2x2,Buildings,무한,Assets/_DLNK/Neon City/[Prefabs]/City Builder/0_Basic/Building Elements/Basic Shapes/Vertical/CityTerrain_Base_cornerwall2x2.prefab
CityTerrain_Base_cornerwall5x2.5,Buildings,무한,Assets/_DLNK/Neon City/[Prefabs]/City Builder/0_Basic/Building Elements/Basic Shapes/Vertical/CityTerrain_Base_cornerwall5x2.5.prefab
CityTerrain_Base_cornerwall5x5,Buildings,무한,Assets/_DLNK/Neon City/[Prefabs]/City Builder/0_Basic/Building Elements/Basic Shapes/Vertical/CityTerrain_Base_cornerwall5x5.prefab
CityTerrain_Base_cut3x0.5,Buildings,무한,Assets/_DLNK/Neon City/[Prefabs]/City Builder/0_Basic/Building Elements/Basic Shapes/Vertical/CityTerrain_Base_cut3x0.5.prefab
CityTerrain_Base_cut3x1,Buildings,무한,Assets/_DLNK/Neon City/[Prefabs]/City Builder/0_Basic/Building Elements/Basic Shapes/Vertical/CityTerrain_Base_cut3x1.prefab
CityTerrain_Base_cut3x2.5,Buildings,무한,Assets/_DLNK/Neon City/[Prefabs]/City Builder/0_Basic/Building Elements/Basic Shapes/Vertical/CityTerrain_Base_cut3x2.5.prefab
CityTerrain_Base_cut3x5,Buildings,무한,Assets/_DLNK/Neon City/[Prefabs]/City Builder/0_Basic/Building Elements/Basic Shapes/Vertical/CityTerrain_Base_cut3x5.prefab
ExteriorGate3x2.5_00,Buildings,무한,Assets/_DLNK/Neon City/[Prefabs]/City Builder/0_Basic/Building Elements/Building Pieces/Doors/ExteriorGate3x2.5_00.prefab
ExteriorGate3x2.5_00b,Buildings,무한,Assets/_DLNK/Neon City/[Prefabs]/City Builder/0_Basic/Building Elements/Building Pieces/Doors/ExteriorGate3x2.5_00b.prefab
ExteriorGate3x5_00,Buildings,무한,Assets/_DLNK/Neon City/[Prefabs]/City Builder/0_Basic/Building Elements/Building Pieces/Doors/ExteriorGate3x5_00.prefab
ExteriorGate3x5_001,Buildings,무한,Assets/_DLNK/Neon City/[Prefabs]/City Builder/0_Basic/Building Elements/Building Pieces/Doors/ExteriorGate3x5_001.prefab
ExteriorGate3x5_001b Variant,Buildings,무한,Assets/_DLNK/Neon City/[Prefabs]/City Builder/0_Basic/Building Elements/Building Pieces/Doors/ExteriorGate3x5_001b Variant.prefab
ExteriorGate3x5_001c Variant,Buildings,무한,Assets/_DLNK/Neon City/[Prefabs]/City Builder/0_Basic/Building Elements/Building Pieces/Doors/ExteriorGate3x5_001c Variant.prefab
StreetBlock_Arc00e,Buildings,무한,Assets/_DLNK/Neon City/[Prefabs]/City Builder/0_Basic/Building Elements/Building Pieces/Doors/StreetBlock_Arc00e.prefab
BuildingCylinder00,Buildings,무한,Assets/_DLNK/Neon City/[Prefabs]/City Builder/0_Basic/Building Elements/Building Pieces/Special/BuildingCylinder00.prefab
BuildingCylinder01,Buildings,무한,Assets/_DLNK/Neon City/[Prefabs]/City Builder/0_Basic/Building Elements/Building Pieces/Special/BuildingCylinder01.prefab
CityTerrain_Column_6x1,Buildings,무한,Assets/_DLNK/Neon City/[Prefabs]/City Builder/0_Basic/Building Elements/Building Pieces/Special/CityTerrain_Column_6x1.prefab
CityTerrain_Cornice_2.5x1,Buildings,무한,Assets/_DLNK/Neon City/[Prefabs]/City Builder/0_Basic/Building Elements/Building Pieces/Special/CityTerrain_Cornice_2.5x1.prefab
CityTerrain_Cornice_5x1,Buildings,무한,Assets/_DLNK/Neon City/[Prefabs]/City Builder/0_Basic/Building Elements/Building Pieces/Special/CityTerrain_Cornice_5x1.prefab
CityTerrain_Cornice_10x1,Buildings,무한,Assets/_DLNK/Neon City/[Prefabs]/City Builder/0_Basic/Building Elements/Building Pieces/Special/CityTerrain_Cornice_10x1.prefab
CityTerrain_HalfCornice0.5x2.5,Buildings,무한,Assets/_DLNK/Neon City/[Prefabs]/City Builder/0_Basic/Building Elements/Building Pieces/Special/CityTerrain_HalfCornice0.5x2.5.prefab
CityTerrain_HalfCornice0.5x10,Buildings,무한,Assets/_DLNK/Neon City/[Prefabs]/City Builder/0_Basic/Building Elements/Building Pieces/Special/CityTerrain_HalfCornice0.5x10.prefab
CityTerrain_HalfCornice1x3,Buildings,무한,Assets/_DLNK/Neon City/[Prefabs]/City Builder/0_Basic/Building Elements/Building Pieces/Special/CityTerrain_HalfCornice1x3.prefab
HoleSquare00 Variant,Buildings,무한,Assets/_DLNK/Neon City/[Prefabs]/City Builder/0_Basic/Building Elements/Building Pieces/Special/HoleSquare00 Variant.prefab
InnerHalfCirce00,Buildings,무한,Assets/_DLNK/Neon City/[Prefabs]/City Builder/0_Basic/Building Elements/Building Pieces/Special/InnerHalfCirce00.prefab
StreetBlock_Arc00,Buildings,무한,Assets/_DLNK/Neon City/[Prefabs]/City Builder/0_Basic/Building Elements/Building Pieces/Special/StreetBlock_Arc00.prefab
StreetBlock_Arc00b,Buildings,무한,Assets/_DLNK/Neon City/[Prefabs]/City Builder/0_Basic/Building Elements/Building Pieces/Special/StreetBlock_Arc00b.prefab
StreetBlock_Arc00c,Buildings,무한,Assets/_DLNK/Neon City/[Prefabs]/City Builder/0_Basic/Building Elements/Building Pieces/Special/StreetBlock_Arc00c.prefab
StreetBlock_Arc00d,Buildings,무한,Assets/_DLNK/Neon City/[Prefabs]/City Builder/0_Basic/Building Elements/Building Pieces/Special/StreetBlock_Arc00d.prefab
StreetBlock_Arc00d_00 Variant,Buildings,무한,Assets/_DLNK/Neon City/[Prefabs]/City Builder/0_Basic/Building Elements/Building Pieces/Special/StreetBlock_Arc00d_00 Variant.prefab
Wall_VentHelix00 Variant,Buildings,무한,Assets/_DLNK/Neon City/[Prefabs]/City Builder/0_Basic/Building Elements/Building Pieces/Special/Wall_VentHelix00 Variant.prefab
WallRound_Fake00_2.5x2.5,Buildings,무한,Assets/_DLNK/Neon City/[Prefabs]/City Builder/0_Basic/Building Elements/Building Pieces/Special/WallRound_Fake00_2.5x2.5.prefab
WallRound_Fake00_2.5x2.5_Window,Buildings,무한,Assets/_DLNK/Neon City/[Prefabs]/City Builder/0_Basic/Building Elements/Building Pieces/Special/WallRound_Fake00_2.5x2.5_Window.prefab
WallRound_Fake00b_2.5x2.5 Variant,Buildings,무한,Assets/_DLNK/Neon City/[Prefabs]/City Builder/0_Basic/Building Elements/Building Pieces/Special/WallRound_Fake00b_2.5x2.5 Variant.prefab
WallRound_Fake00b_2.5x2.5_Window Variant,Buildings,무한,Assets/_DLNK/Neon City/[Prefabs]/City Builder/0_Basic/Building Elements/Building Pieces/Special/WallRound_Fake00b_2.5x2.5_Window Variant.prefab
WallRound_Fake00c_2.5x2.5 Variant,Buildings,무한,Assets/_DLNK/Neon City/[Prefabs]/City Builder/0_Basic/Building Elements/Building Pieces/Special/WallRound_Fake00c_2.5x2.5 Variant.prefab
WallRound_Fake00c_2.5x2.5_Window Variant,Buildings,무한,Assets/_DLNK/Neon City/[Prefabs]/City Builder/0_Basic/Building Elements/Building Pieces/Special/WallRound_Fake00c_2.5x2.5_Window Variant.prefab
WallRound_Fake00d_2.5x2.5 Variant,Buildings,무한,Assets/_DLNK/Neon City/[Prefabs]/City Builder/0_Basic/Building Elements/Building Pieces/Special/WallRound_Fake00d_2.5x2.5 Variant.prefab
WallRound_Fake00d_2.5x2.5_Window Variant,Buildings,무한,Assets/_DLNK/Neon City/[Prefabs]/City Builder/0_Basic/Building Elements/Building Pieces/Special/WallRound_Fake00d_2.5x2.5_Window Variant.prefab
WallRound_Fake00e_2.5x2.5 Variant,Buildings,무한,Assets/_DLNK/Neon City/[Prefabs]/City Builder/0_Basic/Building Elements/Building Pieces/Special/WallRound_Fake00e_2.5x2.5 Variant.prefab
WallRound_Fake00e_2.5x2.5_Window Variant,Buildings,무한,Assets/_DLNK/Neon City/[Prefabs]/City Builder/0_Basic/Building Elements/Building Pieces/Special/WallRound_Fake00e_2.5x2.5_Window Variant.prefab
WallRound_Fake00f_2.5x2.5 Variant,Buildings,무한,Assets/_DLNK/Neon City/[Prefabs]/City Builder/0_Basic/Building Elements/Building Pieces/Special/WallRound_Fake00f_2.5x2.5 Variant.prefab
WallRound_Fake00f_2.5x2.5_Window Variant,Buildings,무한,Assets/_DLNK/Neon City/[Prefabs]/City Builder/0_Basic/Building Elements/Building Pieces/Special/WallRound_Fake00f_2.5x2.5_Window Variant.prefab
WallRound_Fake00g_2.5x2.5 Variant,Buildings,무한,Assets/_DLNK/Neon City/[Prefabs]/City Builder/0_Basic/Building Elements/Building Pieces/Special/WallRound_Fake00g_2.5x2.5 Variant.prefab
WallRound_Fake00g_2.5x2.5_Window Variant,Buildings,무한,Assets/_DLNK/Neon City/[Prefabs]/City Builder/0_Basic/Building Elements/Building Pieces/Special/WallRound_Fake00g_2.5x2.5_Window Variant.prefab
WallRound_Fake_2.5x2.5_Invert,Buildings,무한,Assets/_DLNK/Neon City/[Prefabs]/City Builder/0_Basic/Building Elements/Building Pieces/Special/WallRound_Fake_2.5x2.5_Invert.prefab
CityTerrain_Window00,Buildings,무한,Assets/_DLNK/Neon City/[Prefabs]/City Builder/0_Basic/Building Elements/Building Pieces/Windows/CityTerrain_Window00.prefab
CityTerrain_Window00b,Buildings,무한,Assets/_DLNK/Neon City/[Prefabs]/City Builder/0_Basic/Building Elements/Building Pieces/Windows/CityTerrain_Window00b.prefab
CityTerrain_Window01,Buildings,무한,Assets/_DLNK/Neon City/[Prefabs]/City Builder/0_Basic/Building Elements/Building Pieces/Windows/CityTerrain_Window01.prefab
CityTerrain_Window01b,Buildings,무한,Assets/_DLNK/Neon City/[Prefabs]/City Builder/0_Basic/Building Elements/Building Pieces/Windows/CityTerrain_Window01b.prefab
CityTerrain_Window02,Buildings,무한,Assets/_DLNK/Neon City/[Prefabs]/City Builder/0_Basic/Building Elements/Building Pieces/Windows/CityTerrain_Window02.prefab
CityTerrain_Window02b,Buildings,무한,Assets/_DLNK/Neon City/[Prefabs]/City Builder/0_Basic/Building Elements/Building Pieces/Windows/CityTerrain_Window02b.prefab
CityTerrain_Window02b_2 Variant,Buildings,무한,Assets/_DLNK/Neon City/[Prefabs]/City Builder/0_Basic/Building Elements/Building Pieces/Windows/CityTerrain_Window02b_2 Variant.prefab
CityTerrain_Window03,Buildings,무한,Assets/_DLNK/Neon City/[Prefabs]/City Builder/0_Basic/Building Elements/Building Pieces/Windows/CityTerrain_Window03.prefab
CityTerrain_Window03b,Buildings,무한,Assets/_DLNK/Neon City/[Prefabs]/City Builder/0_Basic/Building Elements/Building Pieces/Windows/CityTerrain_Window03b.prefab
CityTerrain_Window03b_2 Variant,Buildings,무한,Assets/_DLNK/Neon City/[Prefabs]/City Builder/0_Basic/Building Elements/Building Pieces/Windows/CityTerrain_Window03b_2 Variant.prefab
CityTerrain_Window04,Buildings,무한,Assets/_DLNK/Neon City/[Prefabs]/City Builder/0_Basic/Building Elements/Building Pieces/Windows/CityTerrain_Window04.prefab
CityTerrain_Window05,Buildings,무한,Assets/_DLNK/Neon City/[Prefabs]/City Builder/0_Basic/Building Elements/Building Pieces/Windows/CityTerrain_Window05.prefab
StreetBlock_Arc00d02,Buildings,무한,Assets/_DLNK/Neon City/[Prefabs]/City Builder/0_Basic/Building Elements/Building Pieces/Windows/StreetBlock_Arc00d02.prefab
StreetBlock_Arc00d_01 Variant,Buildings,무한,Assets/_DLNK/Neon City/[Prefabs]/City Builder/0_Basic/Building Elements/Building Pieces/Windows/StreetBlock_Arc00d_01 Variant.prefab
WallFake00_2.5Corner,Buildings,무한,Assets/_DLNK/Neon City/[Prefabs]/City Builder/0_Basic/Building Elements/Building Pieces/Windows/WallFake00_2.5Corner.prefab
WallFake00_2.5Corner_b Variant,Buildings,무한,Assets/_DLNK/Neon City/[Prefabs]/City Builder/0_Basic/Building Elements/Building Pieces/Windows/WallFake00_2.5Corner_b Variant.prefab
WallFake00_2.5Corner_c Variant,Buildings,무한,Assets/_DLNK/Neon City/[Prefabs]/City Builder/0_Basic/Building Elements/Building Pieces/Windows/WallFake00_2.5Corner_c Variant.prefab
WallFake00_2.5Corner_d Variant,Buildings,무한,Assets/_DLNK/Neon City/[Prefabs]/City Builder/0_Basic/Building Elements/Building Pieces/Windows/WallFake00_2.5Corner_d Variant.prefab
WindowRoundWide00,Buildings,무한,Assets/_DLNK/Neon City/[Prefabs]/City Builder/0_Basic/Building Elements/Building Pieces/Windows/WindowRoundWide00.prefab
WindowRoundWide00b Variant,Buildings,무한,Assets/_DLNK/Neon City/[Prefabs]/City Builder/0_Basic/Building Elements/Building Pieces/Windows/WindowRoundWide00b Variant.prefab
BuildRoof_RoofBorder00,Buildings,무한,Assets/_DLNK/Neon City/[Prefabs]/City Builder/0_Basic/Building Elements/Roof/RoofBorder/BuildRoof_RoofBorder00.prefab
BuildRoof_RoofBorder00b,Buildings,무한,Assets/_DLNK/Neon City/[Prefabs]/City Builder/0_Basic/Building Elements/Roof/RoofBorder/BuildRoof_RoofBorder00b.prefab
BuildRoof_RoofBorder001,Buildings,무한,Assets/_DLNK/Neon City/[Prefabs]/City Builder/0_Basic/Building Elements/Roof/RoofBorder/BuildRoof_RoofBorder001.prefab
BuildRoof_RoofBorder002,Buildings,무한,Assets/_DLNK/Neon City/[Prefabs]/City Builder/0_Basic/Building Elements/Roof/RoofBorder/BuildRoof_RoofBorder002.prefab
BuildRoof_RoofBorder002b,Buildings,무한,Assets/_DLNK/Neon City/[Prefabs]/City Builder/0_Basic/Building Elements/Roof/RoofBorder/BuildRoof_RoofBorder002b.prefab
BuildRoof_RoofBorder003,Buildings,무한,Assets/_DLNK/Neon City/[Prefabs]/City Builder/0_Basic/Building Elements/Roof/RoofBorder/BuildRoof_RoofBorder003.prefab
BuildRoof_RoofBorder004,Buildings,무한,Assets/_DLNK/Neon City/[Prefabs]/City Builder/0_Basic/Building Elements/Roof/RoofBorder/BuildRoof_RoofBorder004.prefab
BuildRoof_RoofBorder005,Buildings,무한,Assets/_DLNK/Neon City/[Prefabs]/City Builder/0_Basic/Building Elements/Roof/RoofBorder/BuildRoof_RoofBorder005.prefab
BuildRoof_RoofBorder006,Buildings,무한,Assets/_DLNK/Neon City/[Prefabs]/City Builder/0_Basic/Building Elements/Roof/RoofBorder/BuildRoof_RoofBorder006.prefab
BuildRoof_RoofBorder007,Buildings,무한,Assets/_DLNK/Neon City/[Prefabs]/City Builder/0_Basic/Building Elements/Roof/RoofBorder/BuildRoof_RoofBorder007.prefab
BuildRoof_Roof00,Buildings,무한,Assets/_DLNK/Neon City/[Prefabs]/City Builder/0_Basic/Building Elements/Roof/RoofScales/BuildRoof_Roof00.prefab
BuildRoof_Roof001,Buildings,무한,Assets/_DLNK/Neon City/[Prefabs]/City Builder/0_Basic/Building Elements/Roof/RoofScales/BuildRoof_Roof001.prefab
BuildRoof_Roof002,Buildings,무한,Assets/_DLNK/Neon City/[Prefabs]/City Builder/0_Basic/Building Elements/Roof/RoofScales/BuildRoof_Roof002.prefab
BuildRoof_Roof003,Buildings,무한,Assets/_DLNK/Neon City/[Prefabs]/City Builder/0_Basic/Building Elements/Roof/RoofScales/BuildRoof_Roof003.prefab
BuildRoof_Roof004,Buildings,무한,Assets/_DLNK/Neon City/[Prefabs]/City Builder/0_Basic/Building Elements/Roof/RoofScales/BuildRoof_Roof004.prefab
BuildRoof_Roof005,Buildings,무한,Assets/_DLNK/Neon City/[Prefabs]/City Builder/0_Basic/Building Elements/Roof/RoofScales/BuildRoof_Roof005.prefab
FloorBasic00_0.5x0.5,Buildings,무한,Assets/_DLNK/Neon City/[Prefabs]/City Builder/0_Basic/Building Interior/Floors/Floor Basic/Bricks Original/FloorBasic00_0.5x0.5.prefab
FloorBasic00_0.5x0.5Corner,Buildings,무한,Assets/_DLNK/Neon City/[Prefabs]/City Builder/0_Basic/Building Interior/Floors/Floor Basic/Bricks Original/FloorBasic00_0.5x0.5Corner.prefab
FloorBasic00_0.5x1,Buildings,무한,Assets/_DLNK/Neon City/[Prefabs]/City Builder/0_Basic/Building Interior/Floors/Floor Basic/Bricks Original/FloorBasic00_0.5x1.prefab
FloorBasic00_0.5x2.5,Buildings,무한,Assets/_DLNK/Neon City/[Prefabs]/City Builder/0_Basic/Building Interior/Floors/Floor Basic/Bricks Original/FloorBasic00_0.5x2.5.prefab
FloorBasic00_0.5x5,Buildings,무한,Assets/_DLNK/Neon City/[Prefabs]/City Builder/0_Basic/Building Interior/Floors/Floor Basic/Bricks Original/FloorBasic00_0.5x5.prefab
FloorBasic00_1X1,Buildings,무한,Assets/_DLNK/Neon City/[Prefabs]/City Builder/0_Basic/Building Interior/Floors/Floor Basic/Bricks Original/FloorBasic00_1X1.prefab
FloorBasic00_1X1Corner,Buildings,무한,Assets/_DLNK/Neon City/[Prefabs]/City Builder/0_Basic/Building Interior/Floors/Floor Basic/Bricks Original/FloorBasic00_1X1Corner.prefab
FloorBasic00_2.5RoundCorner_a,Buildings,무한,Assets/_DLNK/Neon City/[Prefabs]/City Builder/0_Basic/Building Interior/Floors/Floor Basic/Bricks Original/FloorBasic00_2.5RoundCorner_a.prefab
FloorBasic00_2.5RoundCorner_b,Buildings,무한,Assets/_DLNK/Neon City/[Prefabs]/City Builder/0_Basic/Building Interior/Floors/Floor Basic/Bricks Original/FloorBasic00_2.5RoundCorner_b.prefab
FloorBasic00_2.5RoundCorner_c,Buildings,무한,Assets/_DLNK/Neon City/[Prefabs]/City Builder/0_Basic/Building Interior/Floors/Floor Basic/Bricks Original/FloorBasic00_2.5RoundCorner_c.prefab
FloorBasic00_2.5RoundCorner_d,Buildings,무한,Assets/_DLNK/Neon City/[Prefabs]/City Builder/0_Basic/Building Interior/Floors/Floor Basic/Bricks Original/FloorBasic00_2.5RoundCorner_d.prefab
FloorBasic00_2.5RoundCorner_e,Buildings,무한,Assets/_DLNK/Neon City/[Prefabs]/City Builder/0_Basic/Building Interior/Floors/Floor Basic/Bricks Original/FloorBasic00_2.5RoundCorner_e.prefab
FloorBasic00_2.5RoundCorner_f,Buildings,무한,Assets/_DLNK/Neon City/[Prefabs]/City Builder/0_Basic/Building Interior/Floors/Floor Basic/Bricks Original/FloorBasic00_2.5RoundCorner_f.prefab
FloorBasic00_2.5x2.5,Buildings,무한,Assets/_DLNK/Neon City/[Prefabs]/City Builder/0_Basic/Building Interior/Floors/Floor Basic/Bricks Original/FloorBasic00_2.5x2.5.prefab
FloorBasic00_2.5x2.5Corner,Buildings,무한,Assets/_DLNK/Neon City/[Prefabs]/City Builder/0_Basic/Building Interior/Floors/Floor Basic/Bricks Original/FloorBasic00_2.5x2.5Corner.prefab
FloorBasic00_2.5x2.5Ramp,Buildings,무한,Assets/_DLNK/Neon City/[Prefabs]/City Builder/0_Basic/Building Interior/Floors/Floor Basic/Bricks Original/FloorBasic00_2.5x2.5Ramp.prefab
FloorBasic00_2.5x2.5RampCorner,Buildings,무한,Assets/_DLNK/Neon City/[Prefabs]/City Builder/0_Basic/Building Interior/Floors/Floor Basic/Bricks Original/FloorBasic00_2.5x2.5RampCorner.prefab
FloorBasic00_2.5x2.5x0.5_Corner,Buildings,무한,Assets/_DLNK/Neon City/[Prefabs]/City Builder/0_Basic/Building Interior/Floors/Floor Basic/Bricks Original/FloorBasic00_2.5x2.5x0.5_Corner.prefab
FloorBasic00_2x2Corner,Buildings,무한,Assets/_DLNK/Neon City/[Prefabs]/City Builder/0_Basic/Building Interior/Floors/Floor Basic/Bricks Original/FloorBasic00_2x2Corner.prefab
FloorBasic00_2x2x0.5Corner,Buildings,무한,Assets/_DLNK/Neon City/[Prefabs]/City Builder/0_Basic/Building Interior/Floors/Floor Basic/Bricks Original/FloorBasic00_2x2x0.5Corner.prefab
FloorBasic00_5x2.5,Buildings,무한,Assets/_DLNK/Neon City/[Prefabs]/City Builder/0_Basic/Building Interior/Floors/Floor Basic/Bricks Original/FloorBasic00_5x2.5.prefab
FloorBasic00_5x5,Buildings,무한,Assets/_DLNK/Neon City/[Prefabs]/City Builder/0_Basic/Building Interior/Floors/Floor Basic/Bricks Original/FloorBasic00_5x5.prefab
FloorBasic00_5x10,Buildings,무한,Assets/_DLNK/Neon City/[Prefabs]/City Builder/0_Basic/Building Interior/Floors/Floor Basic/Bricks Original/FloorBasic00_5x10.prefab
FloorBasic00_10x10,Buildings,무한,Assets/_DLNK/Neon City/[Prefabs]/City Builder/0_Basic/Building Interior/Floors/Floor Basic/Bricks Original/FloorBasic00_10x10.prefab
FloorBasic00_0.5x0.5 Variant,Buildings,무한,Assets/_DLNK/Neon City/[Prefabs]/City Builder/0_Basic/Building Interior/Floors/Floor Basic/Panels Clean/FloorBasic00_0.5x0.5 Variant.prefab
FloorBasic00_0.5x1 Variant,Buildings,무한,Assets/_DLNK/Neon City/[Prefabs]/City Builder/0_Basic/Building Interior/Floors/Floor Basic/Panels Clean/FloorBasic00_0.5x1 Variant.prefab
FloorBasic00_0.5x2.5 Variant,Buildings,무한,Assets/_DLNK/Neon City/[Prefabs]/City Builder/0_Basic/Building Interior/Floors/Floor Basic/Panels Clean/FloorBasic00_0.5x2.5 Variant.prefab
FloorBasic00_0.5x5 Variant,Buildings,무한,Assets/_DLNK/Neon City/[Prefabs]/City Builder/0_Basic/Building Interior/Floors/Floor Basic/Panels Clean/FloorBasic00_0.5x5 Variant.prefab
FloorBasic00_1X1 Variant,Buildings,무한,Assets/_DLNK/Neon City/[Prefabs]/City Builder/0_Basic/Building Interior/Floors/Floor Basic/Panels Clean/FloorBasic00_1X1 Variant.prefab
FloorBasic00_1X1Corner Variant,Buildings,무한,Assets/_DLNK/Neon City/[Prefabs]/City Builder/0_Basic/Building Interior/Floors/Floor Basic/Panels Clean/FloorBasic00_1X1Corner Variant.prefab
FloorBasic00_2.5RoundCorner_a Variant,Buildings,무한,Assets/_DLNK/Neon City/[Prefabs]/City Builder/0_Basic/Building Interior/Floors/Floor Basic/Panels Clean/FloorBasic00_2.5RoundCorner_a Variant.prefab
FloorBasic00_2.5RoundCorner_b Variant,Buildings,무한,Assets/_DLNK/Neon City/[Prefabs]/City Builder/0_Basic/Building Interior/Floors/Floor Basic/Panels Clean/FloorBasic00_2.5RoundCorner_b Variant.prefab
FloorBasic00_2.5RoundCorner_b2 Variant,Buildings,무한,Assets/_DLNK/Neon City/[Prefabs]/City Builder/0_Basic/Building Interior/Floors/Floor Basic/Panels Clean/FloorBasic00_2.5RoundCorner_b2 Variant.prefab
FloorBasic00_2.5RoundCorner_b3 Variant,Buildings,무한,Assets/_DLNK/Neon City/[Prefabs]/City Builder/0_Basic/Building Interior/Floors/Floor Basic/Panels Clean/FloorBasic00_2.5RoundCorner_b3 Variant.prefab
FloorBasic00_2.5RoundCorner_c Variant,Buildings,무한,Assets/_DLNK/Neon City/[Prefabs]/City Builder/0_Basic/Building Interior/Floors/Floor Basic/Panels Clean/FloorBasic00_2.5RoundCorner_c Variant.prefab
FloorBasic00_2.5RoundCorner_d Variant,Buildings,무한,Assets/_DLNK/Neon City/[Prefabs]/City Builder/0_Basic/Building Interior/Floors/Floor Basic/Panels Clean/FloorBasic00_2.5RoundCorner_d Variant.prefab
FloorBasic00_2.5RoundCorner_e Variant,Buildings,무한,Assets/_DLNK/Neon City/[Prefabs]/City Builder/0_Basic/Building Interior/Floors/Floor Basic/Panels Clean/FloorBasic00_2.5RoundCorner_e Variant.prefab
FloorBasic00_2.5RoundCorner_f Variant,Buildings,무한,Assets/_DLNK/Neon City/[Prefabs]/City Builder/0_Basic/Building Interior/Floors/Floor Basic/Panels Clean/FloorBasic00_2.5RoundCorner_f Variant.prefab
FloorBasic00_2.5x2.5 Variant,Buildings,무한,Assets/_DLNK/Neon City/[Prefabs]/City Builder/0_Basic/Building Interior/Floors/Floor Basic/Panels Clean/FloorBasic00_2.5x2.5 Variant.prefab
FloorBasic00_2.5x2.5Corner Variant,Buildings,무한,Assets/_DLNK/Neon City/[Prefabs]/City Builder/0_Basic/Building Interior/Floors/Floor Basic/Panels Clean/FloorBasic00_2.5x2.5Corner Variant.prefab
FloorBasic00_2.5x2.5Ramp Variant,Buildings,무한,Assets/_DLNK/Neon City/[Prefabs]/City Builder/0_Basic/Building Interior/Floors/Floor Basic/Panels Clean/FloorBasic00_2.5x2.5Ramp Variant.prefab
FloorBasic00_2.5x2.5RampCorner Variant,Buildings,무한,Assets/_DLNK/Neon City/[Prefabs]/City Builder/0_Basic/Building Interior/Floors/Floor Basic/Panels Clean/FloorBasic00_2.5x2.5RampCorner Variant.prefab
FloorBasic00_2x2Corner Variant,Buildings,무한,Assets/_DLNK/Neon City/[Prefabs]/City Builder/0_Basic/Building Interior/Floors/Floor Basic/Panels Clean/FloorBasic00_2x2Corner Variant.prefab
FloorBasic00_2x2x0.5Corner Variant,Buildings,무한,Assets/_DLNK/Neon City/[Prefabs]/City Builder/0_Basic/Building Interior/Floors/Floor Basic/Panels Clean/FloorBasic00_2x2x0.5Corner Variant.prefab
FloorBasic00_5x2.5 Variant,Buildings,무한,Assets/_DLNK/Neon City/[Prefabs]/City Builder/0_Basic/Building Interior/Floors/Floor Basic/Panels Clean/FloorBasic00_5x2.5 Variant.prefab
FloorBasic00_5x5 Variant,Buildings,무한,Assets/_DLNK/Neon City/[Prefabs]/City Builder/0_Basic/Building Interior/Floors/Floor Basic/Panels Clean/FloorBasic00_5x5 Variant.prefab
FloorBasic00_5x10 Variant,Buildings,무한,Assets/_DLNK/Neon City/[Prefabs]/City Builder/0_Basic/Building Interior/Floors/Floor Basic/Panels Clean/FloorBasic00_5x10 Variant.prefab
FloorBasic00_10x10 Variant,Buildings,무한,Assets/_DLNK/Neon City/[Prefabs]/City Builder/0_Basic/Building Interior/Floors/Floor Basic/Panels Clean/FloorBasic00_10x10 Variant.prefab
FloorBasic00_0.5x0.5 Variant,Buildings,무한,Assets/_DLNK/Neon City/[Prefabs]/City Builder/0_Basic/Building Interior/Floors/Floor Basic/Panels Concrete/FloorBasic00_0.5x0.5 Variant.prefab
FloorBasic00_0.5x0.5Corner Variant,Buildings,무한,Assets/_DLNK/Neon City/[Prefabs]/City Builder/0_Basic/Building Interior/Floors/Floor Basic/Panels Concrete/FloorBasic00_0.5x0.5Corner Variant.prefab
FloorBasic00_0.5x1 Variant,Buildings,무한,Assets/_DLNK/Neon City/[Prefabs]/City Builder/0_Basic/Building Interior/Floors/Floor Basic/Panels Concrete/FloorBasic00_0.5x1 Variant.prefab
FloorBasic00_0.5x2.5 Variant,Buildings,무한,Assets/_DLNK/Neon City/[Prefabs]/City Builder/0_Basic/Building Interior/Floors/Floor Basic/Panels Concrete/FloorBasic00_0.5x2.5 Variant.prefab
FloorBasic00_0.5x5 Variant,Buildings,무한,Assets/_DLNK/Neon City/[Prefabs]/City Builder/0_Basic/Building Interior/Floors/Floor Basic/Panels Concrete/FloorBasic00_0.5x5 Variant.prefab
FloorBasic00_1X1 Variant,Buildings,무한,Assets/_DLNK/Neon City/[Prefabs]/City Builder/0_Basic/Building Interior/Floors/Floor Basic/Panels Concrete/FloorBasic00_1X1 Variant.prefab
FloorBasic00_1X1Corner Variant,Buildings,무한,Assets/_DLNK/Neon City/[Prefabs]/City Builder/0_Basic/Building Interior/Floors/Floor Basic/Panels Concrete/FloorBasic00_1X1Corner Variant.prefab
FloorBasic00_2.5RoundCorner_a Variant,Buildings,무한,Assets/_DLNK/Neon City/[Prefabs]/City Builder/0_Basic/Building Interior/Floors/Floor Basic/Panels Concrete/FloorBasic00_2.5RoundCorner_a Variant.prefab
FloorBasic00_2.5RoundCorner_b Variant,Buildings,무한,Assets/_DLNK/Neon City/[Prefabs]/City Builder/0_Basic/Building Interior/Floors/Floor Basic/Panels Concrete/FloorBasic00_2.5RoundCorner_b Variant.prefab
FloorBasic00_2.5RoundCorner_c Variant,Buildings,무한,Assets/_DLNK/Neon City/[Prefabs]/City Builder/0_Basic/Building Interior/Floors/Floor Basic/Panels Concrete/FloorBasic00_2.5RoundCorner_c Variant.prefab
FloorBasic00_2.5RoundCorner_d Variant,Buildings,무한,Assets/_DLNK/Neon City/[Prefabs]/City Builder/0_Basic/Building Interior/Floors/Floor Basic/Panels Concrete/FloorBasic00_2.5RoundCorner_d Variant.prefab
FloorBasic00_2.5RoundCorner_e Variant,Buildings,무한,Assets/_DLNK/Neon City/[Prefabs]/City Builder/0_Basic/Building Interior/Floors/Floor Basic/Panels Concrete/FloorBasic00_2.5RoundCorner_e Variant.prefab
FloorBasic00_2.5RoundCorner_f Variant,Buildings,무한,Assets/_DLNK/Neon City/[Prefabs]/City Builder/0_Basic/Building Interior/Floors/Floor Basic/Panels Concrete/FloorBasic00_2.5RoundCorner_f Variant.prefab
FloorBasic00_2.5x2.5 Variant,Buildings,무한,Assets/_DLNK/Neon City/[Prefabs]/City Builder/0_Basic/Building Interior/Floors/Floor Basic/Panels Concrete/FloorBasic00_2.5x2.5 Variant.prefab
FloorBasic00_2.5x2.5Corner Variant,Buildings,무한,Assets/_DLNK/Neon City/[Prefabs]/City Builder/0_Basic/Building Interior/Floors/Floor Basic/Panels Concrete/FloorBasic00_2.5x2.5Corner Variant.prefab
FloorBasic00_2.5x2.5Ramp Variant,Buildings,무한,Assets/_DLNK/Neon City/[Prefabs]/City Builder/0_Basic/Building Interior/Floors/Floor Basic/Panels Concrete/FloorBasic00_2.5x2.5Ramp Variant.prefab
FloorBasic00_2.5x2.5RampCorner Variant,Buildings,무한,Assets/_DLNK/Neon City/[Prefabs]/City Builder/0_Basic/Building Interior/Floors/Floor Basic/Panels Concrete/FloorBasic00_2.5x2.5RampCorner Variant.prefab
FloorBasic00_2.5x2.5x0.5_Corner Variant,Buildings,무한,Assets/_DLNK/Neon City/[Prefabs]/City Builder/0_Basic/Building Interior/Floors/Floor Basic/Panels Concrete/FloorBasic00_2.5x2.5x0.5_Corner Variant.prefab
FloorBasic00_2x2Corner Variant,Buildings,무한,Assets/_DLNK/Neon City/[Prefabs]/City Builder/0_Basic/Building Interior/Floors/Floor Basic/Panels Concrete/FloorBasic00_2x2Corner Variant.prefab
FloorBasic00_2x2x0.5Corner Variant,Buildings,무한,Assets/_DLNK/Neon City/[Prefabs]/City Builder/0_Basic/Building Interior/Floors/Floor Basic/Panels Concrete/FloorBasic00_2x2x0.5Corner Variant.prefab
FloorBasic00_5x2.5 Variant,Buildings,무한,Assets/_DLNK/Neon City/[Prefabs]/City Builder/0_Basic/Building Interior/Floors/Floor Basic/Panels Concrete/FloorBasic00_5x2.5 Variant.prefab
FloorBasic00_5x5 Variant,Buildings,무한,Assets/_DLNK/Neon City/[Prefabs]/City Builder/0_Basic/Building Interior/Floors/Floor Basic/Panels Concrete/FloorBasic00_5x5 Variant.prefab
FloorBasic00_5x10 Variant,Buildings,무한,Assets/_DLNK/Neon City/[Prefabs]/City Builder/0_Basic/Building Interior/Floors/Floor Basic/Panels Concrete/FloorBasic00_5x10 Variant.prefab
FloorBasic00_10x10 Variant,Buildings,무한,Assets/_DLNK/Neon City/[Prefabs]/City Builder/0_Basic/Building Interior/Floors/Floor Basic/Panels Concrete/FloorBasic00_10x10 Variant.prefab
Floor00_1x1,Buildings,무한,Assets/_DLNK/Neon City/[Prefabs]/City Builder/0_Basic/Building Interior/Floors/Floor Pannels/Floor00_1x1.prefab
Floor00_2.5x1,Buildings,무한,Assets/_DLNK/Neon City/[Prefabs]/City Builder/0_Basic/Building Interior/Floors/Floor Pannels/Floor00_2.5x1.prefab
Floor00_2.5x2.5,Buildings,무한,Assets/_DLNK/Neon City/[Prefabs]/City Builder/0_Basic/Building Interior/Floors/Floor Pannels/Floor00_2.5x2.5.prefab
Floor00_5x1,Buildings,무한,Assets/_DLNK/Neon City/[Prefabs]/City Builder/0_Basic/Building Interior/Floors/Floor Pannels/Floor00_5x1.prefab
Floor00_5x2.5,Buildings,무한,Assets/_DLNK/Neon City/[Prefabs]/City Builder/0_Basic/Building Interior/Floors/Floor Pannels/Floor00_5x2.5.prefab
Floor00_5x5,Buildings,무한,Assets/_DLNK/Neon City/[Prefabs]/City Builder/0_Basic/Building Interior/Floors/Floor Pannels/Floor00_5x5.prefab
Floor00_10x1,Buildings,무한,Assets/_DLNK/Neon City/[Prefabs]/City Builder/0_Basic/Building Interior/Floors/Floor Pannels/Floor00_10x1.prefab
Floor00_roundcorner,Buildings,무한,Assets/_DLNK/Neon City/[Prefabs]/City Builder/0_Basic/Building Interior/Floors/Floor Pannels/Floor00_roundcorner.prefab
Floor_Capsule00_10x7.5,Buildings,무한,Assets/_DLNK/Neon City/[Prefabs]/City Builder/0_Basic/Building Interior/Floors/Floor Premade/Floor_Capsule00_10x7.5.prefab
Floor_RoundChamfer_10x10,Buildings,무한,Assets/_DLNK/Neon City/[Prefabs]/City Builder/0_Basic/Building Interior/Floors/Floor Premade/Floor_RoundChamfer_10x10.prefab
Floor_RoundChamfer_12.5x12.5,Buildings,무한,Assets/_DLNK/Neon City/[Prefabs]/City Builder/0_Basic/Building Interior/Floors/Floor Premade/Floor_RoundChamfer_12.5x12.5.prefab
Floor_RoundChamfer_12.5x15,Buildings,무한,Assets/_DLNK/Neon City/[Prefabs]/City Builder/0_Basic/Building Interior/Floors/Floor Premade/Floor_RoundChamfer_12.5x15.prefab
Floor_RoundCorner00_180,Buildings,무한,Assets/_DLNK/Neon City/[Prefabs]/City Builder/0_Basic/Building Interior/Floors/Floor Premade/Floor_RoundCorner00_180.prefab
Floor_RoundCorner01_270,Buildings,무한,Assets/_DLNK/Neon City/[Prefabs]/City Builder/0_Basic/Building Interior/Floors/Floor Premade/Floor_RoundCorner01_270.prefab
Floor_RoundCornerWide00_270,Buildings,무한,Assets/_DLNK/Neon City/[Prefabs]/City Builder/0_Basic/Building Interior/Floors/Floor Premade/Floor_RoundCornerWide00_270.prefab
Floor_SemiCapsule00_10x5_00,Buildings,무한,Assets/_DLNK/Neon City/[Prefabs]/City Builder/0_Basic/Building Interior/Floors/Floor Premade/Floor_SemiCapsule00_10x5_00.prefab
Floor_SemiCapsule00_10x5_01,Buildings,무한,Assets/_DLNK/Neon City/[Prefabs]/City Builder/0_Basic/Building Interior/Floors/Floor Premade/Floor_SemiCapsule00_10x5_01.prefab
Floor_SemiCapsule00_10x7,5_00,Buildings,무한,Assets/_DLNK/Neon City/[Prefabs]/City Builder/0_Basic/Building Interior/Floors/Floor Premade/Floor_SemiCapsule00_10x7,5_00.prefab
Floor_SemiCapsule00_10x7,5_01,Buildings,무한,Assets/_DLNK/Neon City/[Prefabs]/City Builder/0_Basic/Building Interior/Floors/Floor Premade/Floor_SemiCapsule00_10x7,5_01.prefab
Floor_SemiCapsule00_10x10,Buildings,무한,Assets/_DLNK/Neon City/[Prefabs]/City Builder/0_Basic/Building Interior/Floors/Floor Premade/Floor_SemiCapsule00_10x10.prefab
Floor_SemiCapsule00_17.5x2.5,Buildings,무한,Assets/_DLNK/Neon City/[Prefabs]/City Builder/0_Basic/Building Interior/Floors/Floor Premade/Floor_SemiCapsule00_17.5x2.5.prefab
FloorBasic00_2x2Bevel,Buildings,무한,Assets/_DLNK/Neon City/[Prefabs]/City Builder/0_Basic/Building Interior/Floors/Floor Premade/FloorBasic00_2x2Bevel.prefab
WindowWall00 Variant,Buildings,무한,Assets/_DLNK/Neon City/[Prefabs]/City Builder/0_Basic/Building Interior/Walls/Crystal Walls/WindowWall00 Variant.prefab
WindowWall01 Variant,Buildings,무한,Assets/_DLNK/Neon City/[Prefabs]/City Builder/0_Basic/Building Interior/Walls/Crystal Walls/WindowWall01 Variant.prefab
WindowWall02 Variant,Buildings,무한,Assets/_DLNK/Neon City/[Prefabs]/City Builder/0_Basic/Building Interior/Walls/Crystal Walls/WindowWall02 Variant.prefab
WindowWall03 Variant,Buildings,무한,Assets/_DLNK/Neon City/[Prefabs]/City Builder/0_Basic/Building Interior/Walls/Crystal Walls/WindowWall03 Variant.prefab
InteriorBlock_Wall00_2x3,Buildings,무한,Assets/_DLNK/Neon City/[Prefabs]/City Builder/0_Basic/Building Interior/Walls/Original Concrete/Original/Base/InteriorBlock_Wall00_2x3.prefab
InteriorBlock_Wall00_2x3_b Variant,Buildings,무한,Assets/_DLNK/Neon City/[Prefabs]/City Builder/0_Basic/Building Interior/Walls/Original Concrete/Original/Base/InteriorBlock_Wall00_2x3_b Variant.prefab
InteriorBlock_Wall00_4x3,Buildings,무한,Assets/_DLNK/Neon City/[Prefabs]/City Builder/0_Basic/Building Interior/Walls/Original Concrete/Original/Base/InteriorBlock_Wall00_4x3.prefab
InteriorBlock_Wall00_4x3_b Variant,Buildings,무한,Assets/_DLNK/Neon City/[Prefabs]/City Builder/0_Basic/Building Interior/Walls/Original Concrete/Original/Base/InteriorBlock_Wall00_4x3_b Variant.prefab
InteriorBlock_Wall00_4x3_c Variant,Buildings,무한,Assets/_DLNK/Neon City/[Prefabs]/City Builder/0_Basic/Building Interior/Walls/Original Concrete/Original/Base/InteriorBlock_Wall00_4x3_c Variant.prefab
InteriorBlock_Wall00_Corner0,Buildings,무한,Assets/_DLNK/Neon City/[Prefabs]/City Builder/0_Basic/Building Interior/Walls/Original Concrete/Original/Base/InteriorBlock_Wall00_Corner0.prefab
InteriorBlock_Wall00_Corner0_b Variant,Buildings,무한,Assets/_DLNK/Neon City/[Prefabs]/City Builder/0_Basic/Building Interior/Walls/Original Concrete/Original/Base/InteriorBlock_Wall00_Corner0_b Variant.prefab
InteriorBlock_Door00,Buildings,무한,Assets/_DLNK/Neon City/[Prefabs]/City Builder/0_Basic/Building Interior/Walls/Original Concrete/Original/Doors/InteriorBlock_Door00.prefab
InteriorBlock_Door00_b Variant,Buildings,무한,Assets/_DLNK/Neon City/[Prefabs]/City Builder/0_Basic/Building Interior/Walls/Original Concrete/Original/Doors/InteriorBlock_Door00_b Variant.prefab
InteriorBlock_Door00_c,Buildings,무한,Assets/_DLNK/Neon City/[Prefabs]/City Builder/0_Basic/Building Interior/Walls/Original Concrete/Original/Doors/InteriorBlock_Door00_c.prefab
InteriorBlock_Door00_d,Buildings,무한,Assets/_DLNK/Neon City/[Prefabs]/City Builder/0_Basic/Building Interior/Walls/Original Concrete/Original/Doors/InteriorBlock_Door00_d.prefab
ArcHalf00,Buildings,무한,Assets/_DLNK/Neon City/[Prefabs]/City Builder/0_Basic/Building Interior/Walls/Original Concrete/Original/Special/ArcHalf00.prefab
Pillar_Base_0.5x3,Buildings,무한,Assets/_DLNK/Neon City/[Prefabs]/City Builder/0_Basic/Building Interior/Walls/Original Concrete/Original/Special/Pillar_Base_0.5x3.prefab
Pillar_Base_1x3,Buildings,무한,Assets/_DLNK/Neon City/[Prefabs]/City Builder/0_Basic/Building Interior/Walls/Original Concrete/Original/Special/Pillar_Base_1x3.prefab
Pillar_Base_1x4 Variant,Buildings,무한,Assets/_DLNK/Neon City/[Prefabs]/City Builder/0_Basic/Building Interior/Walls/Original Concrete/Original/Special/Pillar_Base_1x4 Variant.prefab
InteriorBlock_Window00,Buildings,무한,Assets/_DLNK/Neon City/[Prefabs]/City Builder/0_Basic/Building Interior/Walls/Original Concrete/Original/Window/InteriorBlock_Window00.prefab
InteriorBlock_Window00_b Variant,Buildings,무한,Assets/_DLNK/Neon City/[Prefabs]/City Builder/0_Basic/Building Interior/Walls/Original Concrete/Original/Window/InteriorBlock_Window00_b Variant.prefab
InteriorBlock_Window00_b_01 Variant,Buildings,무한,Assets/_DLNK/Neon City/[Prefabs]/City Builder/0_Basic/Building Interior/Walls/Original Concrete/Original/Window/InteriorBlock_Window00_b_01 Variant.prefab
InteriorBlock_Window001,Buildings,무한,Assets/_DLNK/Neon City/[Prefabs]/City Builder/0_Basic/Building Interior/Walls/Original Concrete/Original/Window/InteriorBlock_Window001.prefab
InteriorBlock_Window001_b Variant,Buildings,무한,Assets/_DLNK/Neon City/[Prefabs]/City Builder/0_Basic/Building Interior/Walls/Original Concrete/Original/Window/InteriorBlock_Window001_b Variant.prefab
InteriorBlock_Window001_b_01 Variant,Buildings,무한,Assets/_DLNK/Neon City/[Prefabs]/City Builder/0_Basic/Building Interior/Walls/Original Concrete/Original/Window/InteriorBlock_Window001_b_01 Variant.prefab
InteriorBlock_Window001_b_02 Variant,Buildings,무한,Assets/_DLNK/Neon City/[Prefabs]/City Builder/0_Basic/Building Interior/Walls/Original Concrete/Original/Window/InteriorBlock_Window001_b_02 Variant.prefab
Wall_Simple_2.5x2.5_Corner,Buildings,무한,Assets/_DLNK/Neon City/[Prefabs]/City Builder/0_Basic/Building Interior/Walls/Panels Concrete Basic/Basic/Double Side/Wall_Simple_2.5x2.5_Corner.prefab
Wall_Simple_2.5x3Window00,Buildings,무한,Assets/_DLNK/Neon City/[Prefabs]/City Builder/0_Basic/Building Interior/Walls/Panels Concrete Basic/Basic/Double Side/Wall_Simple_2.5x3Window00.prefab
Wall_Simple_2Sides_0.5x3,Buildings,무한,Assets/_DLNK/Neon City/[Prefabs]/City Builder/0_Basic/Building Interior/Walls/Panels Concrete Basic/Basic/Double Side/Wall_Simple_2Sides_0.5x3.prefab
Wall_Simple_2Sides_1x3,Buildings,무한,Assets/_DLNK/Neon City/[Prefabs]/City Builder/0_Basic/Building Interior/Walls/Panels Concrete Basic/Basic/Double Side/Wall_Simple_2Sides_1x3.prefab
Wall_Simple_2Sides_2.5x3,Buildings,무한,Assets/_DLNK/Neon City/[Prefabs]/City Builder/0_Basic/Building Interior/Walls/Panels Concrete Basic/Basic/Double Side/Wall_Simple_2Sides_2.5x3.prefab
Wall_Simple_2Sides_5x3,Buildings,무한,Assets/_DLNK/Neon City/[Prefabs]/City Builder/0_Basic/Building Interior/Walls/Panels Concrete Basic/Basic/Double Side/Wall_Simple_2Sides_5x3.prefab
Wall_Simple_2Sides_10x3,Buildings,무한,Assets/_DLNK/Neon City/[Prefabs]/City Builder/0_Basic/Building Interior/Walls/Panels Concrete Basic/Basic/Double Side/Wall_Simple_2Sides_10x3.prefab
Wall_Simple_2x2_Corner,Buildings,무한,Assets/_DLNK/Neon City/[Prefabs]/City Builder/0_Basic/Building Interior/Walls/Panels Concrete Basic/Basic/Double Side/Wall_Simple_2x2_Corner.prefab
Wall_Simple_2x2_CornerWindow,Buildings,무한,Assets/_DLNK/Neon City/[Prefabs]/City Builder/0_Basic/Building Interior/Walls/Panels Concrete Basic/Basic/Double Side/Wall_Simple_2x2_CornerWindow.prefab
Wall_Simple_5x3Window00,Buildings,무한,Assets/_DLNK/Neon City/[Prefabs]/City Builder/0_Basic/Building Interior/Walls/Panels Concrete Basic/Basic/Double Side/Wall_Simple_5x3Window00.prefab
Wall_Simple_RoundCorner00,Buildings,무한,Assets/_DLNK/Neon City/[Prefabs]/City Builder/0_Basic/Building Interior/Walls/Panels Concrete Basic/Basic/Double Side/Wall_Simple_RoundCorner00.prefab
Wall_Simple_RoundCorner00b,Buildings,무한,Assets/_DLNK/Neon City/[Prefabs]/City Builder/0_Basic/Building Interior/Walls/Panels Concrete Basic/Basic/Double Side/Wall_Simple_RoundCorner00b.prefab
Wall_Simple_RoundCorner00c,Buildings,무한,Assets/_DLNK/Neon City/[Prefabs]/City Builder/0_Basic/Building Interior/Walls/Panels Concrete Basic/Basic/Double Side/Wall_Simple_RoundCorner00c.prefab
Wall_Simple_WideGate00_5x3,Buildings,무한,Assets/_DLNK/Neon City/[Prefabs]/City Builder/0_Basic/Building Interior/Walls/Panels Concrete Basic/Basic/Double Side/Wall_Simple_WideGate00_5x3.prefab
Wall_Simple_WideGate00b_5x3 Variant,Buildings,무한,Assets/_DLNK/Neon City/[Prefabs]/City Builder/0_Basic/Building Interior/Walls/Panels Concrete Basic/Basic/Double Side/Wall_Simple_WideGate00b_5x3 Variant.prefab
Pillar_Simple_0.5x3,Buildings,무한,Assets/_DLNK/Neon City/[Prefabs]/City Builder/0_Basic/Building Interior/Walls/Panels Concrete Basic/Basic/Simple/Pillar_Simple_0.5x3.prefab
Pillar_Simple_1x3,Buildings,무한,Assets/_DLNK/Neon City/[Prefabs]/City Builder/0_Basic/Building Interior/Walls/Panels Concrete Basic/Basic/Simple/Pillar_Simple_1x3.prefab
SupportCorner00,Buildings,무한,Assets/_DLNK/Neon City/[Prefabs]/City Builder/0_Basic/Building Interior/Walls/Panels Concrete Basic/Basic/Simple/SupportCorner00.prefab
Wall_Simple_1x3,Buildings,무한,Assets/_DLNK/Neon City/[Prefabs]/City Builder/0_Basic/Building Interior/Walls/Panels Concrete Basic/Basic/Simple/Wall_Simple_1x3.prefab
Wall_Simple_2.5x3,Buildings,무한,Assets/_DLNK/Neon City/[Prefabs]/City Builder/0_Basic/Building Interior/Walls/Panels Concrete Basic/Basic/Simple/Wall_Simple_2.5x3.prefab
Wall_Simple_5x3,Buildings,무한,Assets/_DLNK/Neon City/[Prefabs]/City Builder/0_Basic/Building Interior/Walls/Panels Concrete Basic/Basic/Simple/Wall_Simple_5x3.prefab
Wall_Simple_10x3,Buildings,무한,Assets/_DLNK/Neon City/[Prefabs]/City Builder/0_Basic/Building Interior/Walls/Panels Concrete Basic/Basic/Simple/Wall_Simple_10x3.prefab
InteriorBlock_Door00 Variant,Buildings,무한,Assets/_DLNK/Neon City/[Prefabs]/City Builder/0_Basic/Building Interior/Walls/Panels Concrete Basic/Original/InteriorBlock_Door00 Variant.prefab
InteriorBlock_Door00b Variant,Buildings,무한,Assets/_DLNK/Neon City/[Prefabs]/City Builder/0_Basic/Building Interior/Walls/Panels Concrete Basic/Original/InteriorBlock_Door00b Variant.prefab
InteriorBlock_Wall00_2x3 Variant,Buildings,무한,Assets/_DLNK/Neon City/[Prefabs]/City Builder/0_Basic/Building Interior/Walls/Panels Concrete Basic/Original/InteriorBlock_Wall00_2x3 Variant.prefab
InteriorBlock_Wall00_Corner Variant,Buildings,무한,Assets/_DLNK/Neon City/[Prefabs]/City Builder/0_Basic/Building Interior/Walls/Panels Concrete Basic/Original/InteriorBlock_Wall00_Corner Variant.prefab
InteriorBlock_Window00b Variant,Buildings,무한,Assets/_DLNK/Neon City/[Prefabs]/City Builder/0_Basic/Building Interior/Walls/Panels Concrete Basic/Original/InteriorBlock_Window00b Variant.prefab
InteriorBlock_Window001b Variant,Buildings,무한,Assets/_DLNK/Neon City/[Prefabs]/City Builder/0_Basic/Building Interior/Walls/Panels Concrete Basic/Original/InteriorBlock_Window001b Variant.prefab
Wall00_3x1 Variant,Buildings,무한,Assets/_DLNK/Neon City/[Prefabs]/City Builder/0_Basic/Building Interior/Walls/Panels Concrete Basic/Panels/Wall00_3x1 Variant.prefab
WallWindow00_3x2.5 Variant,Buildings,무한,Assets/_DLNK/Neon City/[Prefabs]/City Builder/0_Basic/Building Interior/Walls/Panels Concrete Basic/Panels/WallWindow00_3x2.5 Variant.prefab
Pillar_SemiArc00,Buildings,무한,Assets/_DLNK/Neon City/[Prefabs]/City Builder/0_Basic/Building Interior/Walls/Panels Plastic Clean/Basic Clean/Pillar_SemiArc00.prefab
Pillar_Simple_1x3 Variant,Buildings,무한,Assets/_DLNK/Neon City/[Prefabs]/City Builder/0_Basic/Building Interior/Walls/Panels Plastic Clean/Basic Clean/Pillar_Simple_1x3 Variant.prefab
Wall_Simple_2.5x2.5_Corner Variant,Buildings,무한,Assets/_DLNK/Neon City/[Prefabs]/City Builder/0_Basic/Building Interior/Walls/Panels Plastic Clean/Basic Clean/Wall_Simple_2.5x2.5_Corner Variant.prefab
Wall_Simple_2.5x3Window00 Variant,Buildings,무한,Assets/_DLNK/Neon City/[Prefabs]/City Builder/0_Basic/Building Interior/Walls/Panels Plastic Clean/Basic Clean/Wall_Simple_2.5x3Window00 Variant.prefab
Wall_Simple_2Sides_0.5x3 Variant,Buildings,무한,Assets/_DLNK/Neon City/[Prefabs]/City Builder/0_Basic/Building Interior/Walls/Panels Plastic Clean/Basic Clean/Wall_Simple_2Sides_0.5x3 Variant.prefab
Wall_Simple_2Sides_1x3 Variant,Buildings,무한,Assets/_DLNK/Neon City/[Prefabs]/City Builder/0_Basic/Building Interior/Walls/Panels Plastic Clean/Basic Clean/Wall_Simple_2Sides_1x3 Variant.prefab
Wall_Simple_2Sides_2.5x3 Variant,Buildings,무한,Assets/_DLNK/Neon City/[Prefabs]/City Builder/0_Basic/Building Interior/Walls/Panels Plastic Clean/Basic Clean/Wall_Simple_2Sides_2.5x3 Variant.prefab
Wall_Simple_2Sides_5x3 Variant,Buildings,무한,Assets/_DLNK/Neon City/[Prefabs]/City Builder/0_Basic/Building Interior/Walls/Panels Plastic Clean/Basic Clean/Wall_Simple_2Sides_5x3 Variant.prefab
Wall_Simple_2Sides_10x3 Variant,Buildings,무한,Assets/_DLNK/Neon City/[Prefabs]/City Builder/0_Basic/Building Interior/Walls/Panels Plastic Clean/Basic Clean/Wall_Simple_2Sides_10x3 Variant.prefab
Wall_Simple_2x2_Corner Variant,Buildings,무한,Assets/_DLNK/Neon City/[Prefabs]/City Builder/0_Basic/Building Interior/Walls/Panels Plastic Clean/Basic Clean/Wall_Simple_2x2_Corner Variant.prefab
Wall_Simple_2x2_CornerWindow Variant,Buildings,무한,Assets/_DLNK/Neon City/[Prefabs]/City Builder/0_Basic/Building Interior/Walls/Panels Plastic Clean/Basic Clean/Wall_Simple_2x2_CornerWindow Variant.prefab
Wall_Simple_5x3Window00 Variant,Buildings,무한,Assets/_DLNK/Neon City/[Prefabs]/City Builder/0_Basic/Building Interior/Walls/Panels Plastic Clean/Basic Clean/Wall_Simple_5x3Window00 Variant.prefab
Wall_Simple_Arc00 Variant,Buildings,무한,Assets/_DLNK/Neon City/[Prefabs]/City Builder/0_Basic/Building Interior/Walls/Panels Plastic Clean/Basic Clean/Wall_Simple_Arc00 Variant.prefab
Wall_Simple_Arc01,Buildings,무한,Assets/_DLNK/Neon City/[Prefabs]/City Builder/0_Basic/Building Interior/Walls/Panels Plastic Clean/Basic Clean/Wall_Simple_Arc01.prefab
Wall_Simple_RoundCorner00 Variant,Buildings,무한,Assets/_DLNK/Neon City/[Prefabs]/City Builder/0_Basic/Building Interior/Walls/Panels Plastic Clean/Basic Clean/Wall_Simple_RoundCorner00 Variant.prefab
Wall_Simple_RoundCorner00c Variant,Buildings,무한,Assets/_DLNK/Neon City/[Prefabs]/City Builder/0_Basic/Building Interior/Walls/Panels Plastic Clean/Basic Clean/Wall_Simple_RoundCorner00c Variant.prefab
Wall_Simple_WideGate00_5x3 Variant,Buildings,무한,Assets/_DLNK/Neon City/[Prefabs]/City Builder/0_Basic/Building Interior/Walls/Panels Plastic Clean/Basic Clean/Wall_Simple_WideGate00_5x3 Variant.prefab
WallDoor00_3x2.5_01 Variant,Buildings,무한,Assets/_DLNK/Neon City/[Prefabs]/City Builder/0_Basic/Building Interior/Walls/Panels Plastic Clean/Basic Clean/WallDoor00_3x2.5_01 Variant.prefab
Wall00_3x0.5,Buildings,무한,Assets/_DLNK/Neon City/[Prefabs]/City Builder/0_Basic/Building Interior/Walls/Panels Plastic Dirt/Panels/Base/Wall00_3x0.5.prefab
Wall00_3x1,Buildings,무한,Assets/_DLNK/Neon City/[Prefabs]/City Builder/0_Basic/Building Interior/Walls/Panels Plastic Dirt/Panels/Base/Wall00_3x1.prefab
Wall00_3x2.5,Buildings,무한,Assets/_DLNK/Neon City/[Prefabs]/City Builder/0_Basic/Building Interior/Walls/Panels Plastic Dirt/Panels/Base/Wall00_3x2.5.prefab
Wall00_3x2.5corner,Buildings,무한,Assets/_DLNK/Neon City/[Prefabs]/City Builder/0_Basic/Building Interior/Walls/Panels Plastic Dirt/Panels/Base/Wall00_3x2.5corner.prefab
Wall00_3x5,Buildings,무한,Assets/_DLNK/Neon City/[Prefabs]/City Builder/0_Basic/Building Interior/Walls/Panels Plastic Dirt/Panels/Base/Wall00_3x5.prefab
WallDoor00_3x2.5,Buildings,무한,Assets/_DLNK/Neon City/[Prefabs]/City Builder/0_Basic/Building Interior/Walls/Panels Plastic Dirt/Panels/Door/WallDoor00_3x2.5.prefab
WallDoor00_3x5,Buildings,무한,Assets/_DLNK/Neon City/[Prefabs]/City Builder/0_Basic/Building Interior/Walls/Panels Plastic Dirt/Panels/Door/WallDoor00_3x5.prefab
WallWindow00_3x2.5,Buildings,무한,Assets/_DLNK/Neon City/[Prefabs]/City Builder/0_Basic/Building Interior/Walls/Panels Plastic Dirt/Panels/Window/WallWindow00_3x2.5.prefab
WallWindow00_3x5,Buildings,무한,Assets/_DLNK/Neon City/[Prefabs]/City Builder/0_Basic/Building Interior/Walls/Panels Plastic Dirt/Panels/Window/WallWindow00_3x5.prefab
InteriorBlock_Door00,Buildings,무한,Assets/_DLNK/Neon City/[Prefabs]/City Builder/0_Basic/Building Interior/Walls/SubUrb Bricks/Original/Exterior/InteriorBlock_Door00.prefab
InteriorBlock_Door00b,Buildings,무한,Assets/_DLNK/Neon City/[Prefabs]/City Builder/0_Basic/Building Interior/Walls/SubUrb Bricks/Original/Exterior/InteriorBlock_Door00b.prefab
InteriorBlock_Door00c,Buildings,무한,Assets/_DLNK/Neon City/[Prefabs]/City Builder/0_Basic/Building Interior/Walls/SubUrb Bricks/Original/Exterior/InteriorBlock_Door00c.prefab
InteriorBlock_Wall00_2x3,Buildings,무한,Assets/_DLNK/Neon City/[Prefabs]/City Builder/0_Basic/Building Interior/Walls/SubUrb Bricks/Original/Exterior/InteriorBlock_Wall00_2x3.prefab
InteriorBlock_Wall00_2x3_Small,Buildings,무한,Assets/_DLNK/Neon City/[Prefabs]/City Builder/0_Basic/Building Interior/Walls/SubUrb Bricks/Original/Exterior/InteriorBlock_Wall00_2x3_Small.prefab
InteriorBlock_Wall00_4x3,Buildings,무한,Assets/_DLNK/Neon City/[Prefabs]/City Builder/0_Basic/Building Interior/Walls/SubUrb Bricks/Original/Exterior/InteriorBlock_Wall00_4x3.prefab
InteriorBlock_Wall00_4x3_Small,Buildings,무한,Assets/_DLNK/Neon City/[Prefabs]/City Builder/0_Basic/Building Interior/Walls/SubUrb Bricks/Original/Exterior/InteriorBlock_Wall00_4x3_Small.prefab
InteriorBlock_Wall00_Corner0,Buildings,무한,Assets/_DLNK/Neon City/[Prefabs]/City Builder/0_Basic/Building Interior/Walls/SubUrb Bricks/Original/Exterior/InteriorBlock_Wall00_Corner0.prefab
InteriorBlock_Wall00_Corner0_Small,Buildings,무한,Assets/_DLNK/Neon City/[Prefabs]/City Builder/0_Basic/Building Interior/Walls/SubUrb Bricks/Original/Exterior/InteriorBlock_Wall00_Corner0_Small.prefab
InteriorBlock_Window00,Buildings,무한,Assets/_DLNK/Neon City/[Prefabs]/City Builder/0_Basic/Building Interior/Walls/SubUrb Bricks/Original/Exterior/InteriorBlock_Window00.prefab
InteriorBlock_Window00b,Buildings,무한,Assets/_DLNK/Neon City/[Prefabs]/City Builder/0_Basic/Building Interior/Walls/SubUrb Bricks/Original/Exterior/InteriorBlock_Window00b.prefab
InteriorBlock_Window001,Buildings,무한,Assets/_DLNK/Neon City/[Prefabs]/City Builder/0_Basic/Building Interior/Walls/SubUrb Bricks/Original/Exterior/InteriorBlock_Window001.prefab
InteriorBlock_Window001b,Buildings,무한,Assets/_DLNK/Neon City/[Prefabs]/City Builder/0_Basic/Building Interior/Walls/SubUrb Bricks/Original/Exterior/InteriorBlock_Window001b.prefab
Pillar_Base_0.5x3,Buildings,무한,Assets/_DLNK/Neon City/[Prefabs]/City Builder/0_Basic/Building Interior/Walls/SubUrb Bricks/Original/Exterior/Pillar_Base_0.5x3.prefab
Pillar_Base_1x3,Buildings,무한,Assets/_DLNK/Neon City/[Prefabs]/City Builder/0_Basic/Building Interior/Walls/SubUrb Bricks/Original/Exterior/Pillar_Base_1x3.prefab
InteriorBlock_Door00,Buildings,무한,Assets/_DLNK/Neon City/[Prefabs]/City Builder/0_Basic/Building Interior/Walls/SubUrb Bricks/Original/Interior/InteriorBlock_Door00.prefab
InteriorBlock_Door00b Variant,Buildings,무한,Assets/_DLNK/Neon City/[Prefabs]/City Builder/0_Basic/Building Interior/Walls/SubUrb Bricks/Original/Interior/InteriorBlock_Door00b Variant.prefab
InteriorBlock_Door00b2 Variant,Buildings,무한,Assets/_DLNK/Neon City/[Prefabs]/City Builder/0_Basic/Building Interior/Walls/SubUrb Bricks/Original/Interior/InteriorBlock_Door00b2 Variant.prefab
InteriorBlock_Wall00_2x3_Small,Buildings,무한,Assets/_DLNK/Neon City/[Prefabs]/City Builder/0_Basic/Building Interior/Walls/SubUrb Bricks/Original/Interior/InteriorBlock_Wall00_2x3_Small.prefab
InteriorBlock_Wall00_4x3_Small,Buildings,무한,Assets/_DLNK/Neon City/[Prefabs]/City Builder/0_Basic/Building Interior/Walls/SubUrb Bricks/Original/Interior/InteriorBlock_Wall00_4x3_Small.prefab
InteriorBlock_Wall00_Corner0,Buildings,무한,Assets/_DLNK/Neon City/[Prefabs]/City Builder/0_Basic/Building Interior/Walls/SubUrb Bricks/Original/Interior/InteriorBlock_Wall00_Corner0.prefab
InteriorBlock_Wall00_Corner0_Small,Buildings,무한,Assets/_DLNK/Neon City/[Prefabs]/City Builder/0_Basic/Building Interior/Walls/SubUrb Bricks/Original/Interior/InteriorBlock_Wall00_Corner0_Small.prefab
Pillar_Base_1x3,Buildings,무한,Assets/_DLNK/Neon City/[Prefabs]/City Builder/0_Basic/Building Interior/Walls/SubUrb Bricks/Original/Interior/Pillar_Base_1x3.prefab
Wall00_3x0.5,Buildings,무한,Assets/_DLNK/Neon City/[Prefabs]/City Builder/0_Basic/Building Interior/Walls/SubUrb Bricks/Panels/Exterior/Wall00_3x0.5.prefab
Wall00_3x1,Buildings,무한,Assets/_DLNK/Neon City/[Prefabs]/City Builder/0_Basic/Building Interior/Walls/SubUrb Bricks/Panels/Exterior/Wall00_3x1.prefab
Wall00_3x2.5,Buildings,무한,Assets/_DLNK/Neon City/[Prefabs]/City Builder/0_Basic/Building Interior/Walls/SubUrb Bricks/Panels/Exterior/Wall00_3x2.5.prefab
Wall00_3x2.5corner,Buildings,무한,Assets/_DLNK/Neon City/[Prefabs]/City Builder/0_Basic/Building Interior/Walls/SubUrb Bricks/Panels/Exterior/Wall00_3x2.5corner.prefab
Wall00_3x5,Buildings,무한,Assets/_DLNK/Neon City/[Prefabs]/City Builder/0_Basic/Building Interior/Walls/SubUrb Bricks/Panels/Exterior/Wall00_3x5.prefab
WallDoor00_3x2.5,Buildings,무한,Assets/_DLNK/Neon City/[Prefabs]/City Builder/0_Basic/Building Interior/Walls/SubUrb Bricks/Panels/Exterior/WallDoor00_3x2.5.prefab
WallDoor00_3x5,Buildings,무한,Assets/_DLNK/Neon City/[Prefabs]/City Builder/0_Basic/Building Interior/Walls/SubUrb Bricks/Panels/Exterior/WallDoor00_3x5.prefab
WallWindow00_3x2.5,Buildings,무한,Assets/_DLNK/Neon City/[Prefabs]/City Builder/0_Basic/Building Interior/Walls/SubUrb Bricks/Panels/Exterior/WallWindow00_3x2.5.prefab
WallWindow00_3x2.5_b,Buildings,무한,Assets/_DLNK/Neon City/[Prefabs]/City Builder/0_Basic/Building Interior/Walls/SubUrb Bricks/Panels/Exterior/WallWindow00_3x2.5_b.prefab
WallWindow00_3x5,Buildings,무한,Assets/_DLNK/Neon City/[Prefabs]/City Builder/0_Basic/Building Interior/Walls/SubUrb Bricks/Panels/Exterior/WallWindow00_3x5.prefab
WallWindow00_3x5_b,Buildings,무한,Assets/_DLNK/Neon City/[Prefabs]/City Builder/0_Basic/Building Interior/Walls/SubUrb Bricks/Panels/Exterior/WallWindow00_3x5_b.prefab
Wall00_3x0.5,Buildings,무한,Assets/_DLNK/Neon City/[Prefabs]/City Builder/0_Basic/Building Interior/Walls/SubUrb Bricks/Panels/Interior/Wall00_3x0.5.prefab
Wall00_3x1,Buildings,무한,Assets/_DLNK/Neon City/[Prefabs]/City Builder/0_Basic/Building Interior/Walls/SubUrb Bricks/Panels/Interior/Wall00_3x1.prefab
Wall00_3x2.5,Buildings,무한,Assets/_DLNK/Neon City/[Prefabs]/City Builder/0_Basic/Building Interior/Walls/SubUrb Bricks/Panels/Interior/Wall00_3x2.5.prefab
Wall00_3x2.5corner,Buildings,무한,Assets/_DLNK/Neon City/[Prefabs]/City Builder/0_Basic/Building Interior/Walls/SubUrb Bricks/Panels/Interior/Wall00_3x2.5corner.prefab
Wall00_3x5,Buildings,무한,Assets/_DLNK/Neon City/[Prefabs]/City Builder/0_Basic/Building Interior/Walls/SubUrb Bricks/Panels/Interior/Wall00_3x5.prefab
WallDoor00_3x2.5,Buildings,무한,Assets/_DLNK/Neon City/[Prefabs]/City Builder/0_Basic/Building Interior/Walls/SubUrb Bricks/Panels/Interior/WallDoor00_3x2.5.prefab
WallDoor00_3x5,Buildings,무한,Assets/_DLNK/Neon City/[Prefabs]/City Builder/0_Basic/Building Interior/Walls/SubUrb Bricks/Panels/Interior/WallDoor00_3x5.prefab
WallWindow00_3x2.5,Buildings,무한,Assets/_DLNK/Neon City/[Prefabs]/City Builder/0_Basic/Building Interior/Walls/SubUrb Bricks/Panels/Interior/WallWindow00_3x2.5.prefab
WallWindow00_3x5,Buildings,무한,Assets/_DLNK/Neon City/[Prefabs]/City Builder/0_Basic/Building Interior/Walls/SubUrb Bricks/Panels/Interior/WallWindow00_3x5.prefab
WallWindow00b_3x2.5,Buildings,무한,Assets/_DLNK/Neon City/[Prefabs]/City Builder/0_Basic/Building Interior/Walls/SubUrb Bricks/Panels/Interior/WallWindow00b_3x2.5.prefab
WallWindow00b_3x5,Buildings,무한,Assets/_DLNK/Neon City/[Prefabs]/City Builder/0_Basic/Building Interior/Walls/SubUrb Bricks/Panels/Interior/WallWindow00b_3x5.prefab
HighPlatformWall00_1,Buildings,무한,Assets/_DLNK/Neon City/[Prefabs]/City Builder/0_Basic/Streets Build/High City Streets/High Platforms Walls/HighPlatformWall00_1.prefab
HighPlatformWall00_2.5,Buildings,무한,Assets/_DLNK/Neon City/[Prefabs]/City Builder/0_Basic/Streets Build/High City Streets/High Platforms Walls/HighPlatformWall00_2.5.prefab
HighPlatformWall00_2.5Corner,Buildings,무한,Assets/_DLNK/Neon City/[Prefabs]/City Builder/0_Basic/Streets Build/High City Streets/High Platforms Walls/HighPlatformWall00_2.5Corner.prefab
HighPlatformWall00_2.5HardCorner,Buildings,무한,Assets/_DLNK/Neon City/[Prefabs]/City Builder/0_Basic/Streets Build/High City Streets/High Platforms Walls/HighPlatformWall00_2.5HardCorner.prefab
HighPlatformWall00_2.5HardCorner2,Buildings,무한,Assets/_DLNK/Neon City/[Prefabs]/City Builder/0_Basic/Streets Build/High City Streets/High Platforms Walls/HighPlatformWall00_2.5HardCorner2.prefab
HighPlatformWall00_2.5InteriorCorner,Buildings,무한,Assets/_DLNK/Neon City/[Prefabs]/City Builder/0_Basic/Streets Build/High City Streets/High Platforms Walls/HighPlatformWall00_2.5InteriorCorner.prefab
HighPlatformWall00_2.5InteriorCorner_b,Buildings,무한,Assets/_DLNK/Neon City/[Prefabs]/City Builder/0_Basic/Streets Build/High City Streets/High Platforms Walls/HighPlatformWall00_2.5InteriorCorner_b.prefab
HighPlatformWall00_5,Buildings,무한,Assets/_DLNK/Neon City/[Prefabs]/City Builder/0_Basic/Streets Build/High City Streets/High Platforms Walls/HighPlatformWall00_5.prefab
HighPlatformWall00_5Corner,Buildings,무한,Assets/_DLNK/Neon City/[Prefabs]/City Builder/0_Basic/Streets Build/High City Streets/High Platforms Walls/HighPlatformWall00_5Corner.prefab
HighPlatformWall00_5InteriorCorner,Buildings,무한,Assets/_DLNK/Neon City/[Prefabs]/City Builder/0_Basic/Streets Build/High City Streets/High Platforms Walls/HighPlatformWall00_5InteriorCorner.prefab
HighPlatformWall00b_1,Buildings,무한,Assets/_DLNK/Neon City/[Prefabs]/City Builder/0_Basic/Streets Build/High City Streets/High Platforms Walls/HighPlatformWall00b_1.prefab
HighPlatformWall00b_2.5,Buildings,무한,Assets/_DLNK/Neon City/[Prefabs]/City Builder/0_Basic/Streets Build/High City Streets/High Platforms Walls/HighPlatformWall00b_2.5.prefab
HighPlatformWall00b_2.5Corner,Buildings,무한,Assets/_DLNK/Neon City/[Prefabs]/City Builder/0_Basic/Streets Build/High City Streets/High Platforms Walls/HighPlatformWall00b_2.5Corner.prefab
HighPlatformWall00b_2.5HardCorner,Buildings,무한,Assets/_DLNK/Neon City/[Prefabs]/City Builder/0_Basic/Streets Build/High City Streets/High Platforms Walls/HighPlatformWall00b_2.5HardCorner.prefab
HighPlatformWall00b_2.5HardCorner2,Buildings,무한,Assets/_DLNK/Neon City/[Prefabs]/City Builder/0_Basic/Streets Build/High City Streets/High Platforms Walls/HighPlatformWall00b_2.5HardCorner2.prefab
HighPlatformWall00b_2.5HardInteriorCorner,Buildings,무한,Assets/_DLNK/Neon City/[Prefabs]/City Builder/0_Basic/Streets Build/High City Streets/High Platforms Walls/HighPlatformWall00b_2.5HardInteriorCorner.prefab
HighPlatformWall00b_2.5HardInteriorCornerb Variant,Buildings,무한,Assets/_DLNK/Neon City/[Prefabs]/City Builder/0_Basic/Streets Build/High City Streets/High Platforms Walls/HighPlatformWall00b_2.5HardInteriorCornerb Variant.prefab
HighPlatformWall00b_2.5InteriorCorner,Buildings,무한,Assets/_DLNK/Neon City/[Prefabs]/City Builder/0_Basic/Streets Build/High City Streets/High Platforms Walls/HighPlatformWall00b_2.5InteriorCorner.prefab
HighPlatformWall00b_2.5InteriorCornerb,Buildings,무한,Assets/_DLNK/Neon City/[Prefabs]/City Builder/0_Basic/Streets Build/High City Streets/High Platforms Walls/HighPlatformWall00b_2.5InteriorCornerb.prefab
HighPlatformWall00b_5,Buildings,무한,Assets/_DLNK/Neon City/[Prefabs]/City Builder/0_Basic/Streets Build/High City Streets/High Platforms Walls/HighPlatformWall00b_5.prefab
HighPlatformWall00b_5Corner,Buildings,무한,Assets/_DLNK/Neon City/[Prefabs]/City Builder/0_Basic/Streets Build/High City Streets/High Platforms Walls/HighPlatformWall00b_5Corner.prefab
HighPlatformWall00b_5InteriorCorner,Buildings,무한,Assets/_DLNK/Neon City/[Prefabs]/City Builder/0_Basic/Streets Build/High City Streets/High Platforms Walls/HighPlatformWall00b_5InteriorCorner.prefab
LargeHighPlatformWall00_1,Buildings,무한,Assets/_DLNK/Neon City/[Prefabs]/City Builder/0_Basic/Streets Build/High City Streets/Large High Walls/Clean Concrete/LargeHighPlatformWall00_1.prefab
LargeHighPlatformWall00_2.5,Buildings,무한,Assets/_DLNK/Neon City/[Prefabs]/City Builder/0_Basic/Streets Build/High City Streets/Large High Walls/Clean Concrete/LargeHighPlatformWall00_2.5.prefab
LargeHighPlatformWall00_2.5Corner,Buildings,무한,Assets/_DLNK/Neon City/[Prefabs]/City Builder/0_Basic/Streets Build/High City Streets/Large High Walls/Clean Concrete/LargeHighPlatformWall00_2.5Corner.prefab
LargeHighPlatformWall00_2.5HardCorner,Buildings,무한,Assets/_DLNK/Neon City/[Prefabs]/City Builder/0_Basic/Streets Build/High City Streets/Large High Walls/Clean Concrete/LargeHighPlatformWall00_2.5HardCorner.prefab
LargeHighPlatformWall00_2.5HardCorner2,Buildings,무한,Assets/_DLNK/Neon City/[Prefabs]/City Builder/0_Basic/Streets Build/High City Streets/Large High Walls/Clean Concrete/LargeHighPlatformWall00_2.5HardCorner2.prefab
LargeHighPlatformWall00_2.5HardInteriorCornerb,Buildings,무한,Assets/_DLNK/Neon City/[Prefabs]/City Builder/0_Basic/Streets Build/High City Streets/Large High Walls/Clean Concrete/LargeHighPlatformWall00_2.5HardInteriorCornerb.prefab
LargeHighPlatformWall00_2.5HardInteriorCornerc,Buildings,무한,Assets/_DLNK/Neon City/[Prefabs]/City Builder/0_Basic/Streets Build/High City Streets/Large High Walls/Clean Concrete/LargeHighPlatformWall00_2.5HardInteriorCornerc.prefab
LargeHighPlatformWall00_2.5InteriorCorner,Buildings,무한,Assets/_DLNK/Neon City/[Prefabs]/City Builder/0_Basic/Streets Build/High City Streets/Large High Walls/Clean Concrete/LargeHighPlatformWall00_2.5InteriorCorner.prefab
LargeHighPlatformWall00_2.5InteriorCorner_b,Buildings,무한,Assets/_DLNK/Neon City/[Prefabs]/City Builder/0_Basic/Streets Build/High City Streets/Large High Walls/Clean Concrete/LargeHighPlatformWall00_2.5InteriorCorner_b.prefab
LargeHighPlatformWall00_5,Buildings,무한,Assets/_DLNK/Neon City/[Prefabs]/City Builder/0_Basic/Streets Build/High City Streets/Large High Walls/Clean Concrete/LargeHighPlatformWall00_5.prefab
LargeHighPlatformWall00_5Corner,Buildings,무한,Assets/_DLNK/Neon City/[Prefabs]/City Builder/0_Basic/Streets Build/High City Streets/Large High Walls/Clean Concrete/LargeHighPlatformWall00_5Corner.prefab
LargeHighPlatformWall00_5InteriorCorner,Buildings,무한,Assets/_DLNK/Neon City/[Prefabs]/City Builder/0_Basic/Streets Build/High City Streets/Large High Walls/Clean Concrete/LargeHighPlatformWall00_5InteriorCorner.prefab
LargeHighPlatformWall00_5InteriorCornerb,Buildings,무한,Assets/_DLNK/Neon City/[Prefabs]/City Builder/0_Basic/Streets Build/High City Streets/Large High Walls/Clean Concrete/LargeHighPlatformWall00_5InteriorCornerb.prefab
LargeHighPlatformWall00_FloatingAddon00,Buildings,무한,Assets/_DLNK/Neon City/[Prefabs]/City Builder/0_Basic/Streets Build/High City Streets/Large High Walls/Clean Concrete/LargeHighPlatformWall00_FloatingAddon00.prefab
LargeHighPlatformWall00b_1 Variant,Buildings,무한,Assets/_DLNK/Neon City/[Prefabs]/City Builder/0_Basic/Streets Build/High City Streets/Large High Walls/Dark Metal/LargeHighPlatformWall00b_1 Variant.prefab
LargeHighPlatformWall00b_2.5 Variant,Buildings,무한,Assets/_DLNK/Neon City/[Prefabs]/City Builder/0_Basic/Streets Build/High City Streets/Large High Walls/Dark Metal/LargeHighPlatformWall00b_2.5 Variant.prefab
LargeHighPlatformWall00b_2.5Corner Variant,Buildings,무한,Assets/_DLNK/Neon City/[Prefabs]/City Builder/0_Basic/Streets Build/High City Streets/Large High Walls/Dark Metal/LargeHighPlatformWall00b_2.5Corner Variant.prefab
LargeHighPlatformWall00b_2.5HardCorner Variant,Buildings,무한,Assets/_DLNK/Neon City/[Prefabs]/City Builder/0_Basic/Streets Build/High City Streets/Large High Walls/Dark Metal/LargeHighPlatformWall00b_2.5HardCorner Variant.prefab
LargeHighPlatformWall00b_2.5HardCorner2 Variant,Buildings,무한,Assets/_DLNK/Neon City/[Prefabs]/City Builder/0_Basic/Streets Build/High City Streets/Large High Walls/Dark Metal/LargeHighPlatformWall00b_2.5HardCorner2 Variant.prefab
LargeHighPlatformWall00b_2.5HardInteriorCorner Variant,Buildings,무한,Assets/_DLNK/Neon City/[Prefabs]/City Builder/0_Basic/Streets Build/High City Streets/Large High Walls/Dark Metal/LargeHighPlatformWall00b_2.5HardInteriorCorner Variant.prefab
LargeHighPlatformWall00b_2.5HardInteriorCornerb Variant,Buildings,무한,Assets/_DLNK/Neon City/[Prefabs]/City Builder/0_Basic/Streets Build/High City Streets/Large High Walls/Dark Metal/LargeHighPlatformWall00b_2.5HardInteriorCornerb Variant.prefab
LargeHighPlatformWall00b_2.5HardInteriorCornerc Variant,Buildings,무한,Assets/_DLNK/Neon City/[Prefabs]/City Builder/0_Basic/Streets Build/High City Streets/Large High Walls/Dark Metal/LargeHighPlatformWall00b_2.5HardInteriorCornerc Variant.prefab
LargeHighPlatformWall00b_2.5InteriorCorner Variant,Buildings,무한,Assets/_DLNK/Neon City/[Prefabs]/City Builder/0_Basic/Streets Build/High City Streets/Large High Walls/Dark Metal/LargeHighPlatformWall00b_2.5InteriorCorner Variant.prefab
LargeHighPlatformWall00b_2.5InteriorCorner_b Variant,Buildings,무한,Assets/_DLNK/Neon City/[Prefabs]/City Builder/0_Basic/Streets Build/High City Streets/Large High Walls/Dark Metal/LargeHighPlatformWall00b_2.5InteriorCorner_b Variant.prefab
LargeHighPlatformWall00b_5 Variant,Buildings,무한,Assets/_DLNK/Neon City/[Prefabs]/City Builder/0_Basic/Streets Build/High City Streets/Large High Walls/Dark Metal/LargeHighPlatformWall00b_5 Variant.prefab
LargeHighPlatformWall00b_5Corner Variant,Buildings,무한,Assets/_DLNK/Neon City/[Prefabs]/City Builder/0_Basic/Streets Build/High City Streets/Large High Walls/Dark Metal/LargeHighPlatformWall00b_5Corner Variant.prefab
LargeHighPlatformWall00b_5InteriorCornerb Variant,Buildings,무한,Assets/_DLNK/Neon City/[Prefabs]/City Builder/0_Basic/Streets Build/High City Streets/Large High Walls/Dark Metal/LargeHighPlatformWall00b_5InteriorCornerb Variant.prefab
PlatformBorder00_1 Variant,Buildings,무한,Assets/_DLNK/Neon City/[Prefabs]/City Builder/0_Basic/Streets Build/High City Streets/Platform Border/PlatformBorder00_1 Variant.prefab
PlatformBorder00_2.5 Variant,Buildings,무한,Assets/_DLNK/Neon City/[Prefabs]/City Builder/0_Basic/Streets Build/High City Streets/Platform Border/PlatformBorder00_2.5 Variant.prefab
PlatformBorder00_2.5Corner Variant,Buildings,무한,Assets/_DLNK/Neon City/[Prefabs]/City Builder/0_Basic/Streets Build/High City Streets/Platform Border/PlatformBorder00_2.5Corner Variant.prefab
PlatformBorder00_2.5HardCorner Variant,Buildings,무한,Assets/_DLNK/Neon City/[Prefabs]/City Builder/0_Basic/Streets Build/High City Streets/Platform Border/PlatformBorder00_2.5HardCorner Variant.prefab
PlatformBorder00_2.5HardCorner2 Variant,Buildings,무한,Assets/_DLNK/Neon City/[Prefabs]/City Builder/0_Basic/Streets Build/High City Streets/Platform Border/PlatformBorder00_2.5HardCorner2 Variant.prefab
PlatformBorder00_2.5InteriorCorner Variant,Buildings,무한,Assets/_DLNK/Neon City/[Prefabs]/City Builder/0_Basic/Streets Build/High City Streets/Platform Border/PlatformBorder00_2.5InteriorCorner Variant.prefab
PlatformBorder00_5 Variant,Buildings,무한,Assets/_DLNK/Neon City/[Prefabs]/City Builder/0_Basic/Streets Build/High City Streets/Platform Border/PlatformBorder00_5 Variant.prefab
PlatformBorder00_5Corner Variant,Buildings,무한,Assets/_DLNK/Neon City/[Prefabs]/City Builder/0_Basic/Streets Build/High City Streets/Platform Border/PlatformBorder00_5Corner Variant.prefab
PlatformBorder00_5InteriorCorner Variant,Buildings,무한,Assets/_DLNK/Neon City/[Prefabs]/City Builder/0_Basic/Streets Build/High City Streets/Platform Border/PlatformBorder00_5InteriorCorner Variant.prefab
PlatformBorder00b_1 Variant,Buildings,무한,Assets/_DLNK/Neon City/[Prefabs]/City Builder/0_Basic/Streets Build/High City Streets/Platform Border/PlatformBorder00b_1 Variant.prefab
PlatformBorder00b_2.5 Variant,Buildings,무한,Assets/_DLNK/Neon City/[Prefabs]/City Builder/0_Basic/Streets Build/High City Streets/Platform Border/PlatformBorder00b_2.5 Variant.prefab
PlatformBorder00b_2.5Corner Variant,Buildings,무한,Assets/_DLNK/Neon City/[Prefabs]/City Builder/0_Basic/Streets Build/High City Streets/Platform Border/PlatformBorder00b_2.5Corner Variant.prefab
PlatformBorder00b_2.5HardCorner Variant,Buildings,무한,Assets/_DLNK/Neon City/[Prefabs]/City Builder/0_Basic/Streets Build/High City Streets/Platform Border/PlatformBorder00b_2.5HardCorner Variant.prefab
PlatformBorder00b_2.5HardCorner2 Variant,Buildings,무한,Assets/_DLNK/Neon City/[Prefabs]/City Builder/0_Basic/Streets Build/High City Streets/Platform Border/PlatformBorder00b_2.5HardCorner2 Variant.prefab
PlatformBorder00b_2.5HardInteriorCorner Variant,Buildings,무한,Assets/_DLNK/Neon City/[Prefabs]/City Builder/0_Basic/Streets Build/High City Streets/Platform Border/PlatformBorder00b_2.5HardInteriorCorner Variant.prefab
PlatformBorder00b_2.5InteriorCorner Variant,Buildings,무한,Assets/_DLNK/Neon City/[Prefabs]/City Builder/0_Basic/Streets Build/High City Streets/Platform Border/PlatformBorder00b_2.5InteriorCorner Variant.prefab
PlatformBorder00b_2.5InteriorCorner_b Variant,Buildings,무한,Assets/_DLNK/Neon City/[Prefabs]/City Builder/0_Basic/Streets Build/High City Streets/Platform Border/PlatformBorder00b_2.5InteriorCorner_b Variant.prefab
PlatformBorder00b_5 Variant,Buildings,무한,Assets/_DLNK/Neon City/[Prefabs]/City Builder/0_Basic/Streets Build/High City Streets/Platform Border/PlatformBorder00b_5 Variant.prefab
PlatformBorder00b_5Corner Variant,Buildings,무한,Assets/_DLNK/Neon City/[Prefabs]/City Builder/0_Basic/Streets Build/High City Streets/Platform Border/PlatformBorder00b_5Corner Variant.prefab
PlatformBorder00b_5InteriorCorner Variant,Buildings,무한,Assets/_DLNK/Neon City/[Prefabs]/City Builder/0_Basic/Streets Build/High City Streets/Platform Border/PlatformBorder00b_5InteriorCorner Variant.prefab
FloatingPlatform00_1,Buildings,무한,Assets/_DLNK/Neon City/[Prefabs]/City Builder/0_Basic/Streets Build/High City Streets/Platform Floating/FloatingPlatform00_1.prefab
FloatingPlatform00_1_Fenced,Buildings,무한,Assets/_DLNK/Neon City/[Prefabs]/City Builder/0_Basic/Streets Build/High City Streets/Platform Floating/FloatingPlatform00_1_Fenced.prefab
FloatingPlatform00_2.5,Buildings,무한,Assets/_DLNK/Neon City/[Prefabs]/City Builder/0_Basic/Streets Build/High City Streets/Platform Floating/FloatingPlatform00_2.5.prefab
FloatingPlatform00_2.5_Fenced,Buildings,무한,Assets/_DLNK/Neon City/[Prefabs]/City Builder/0_Basic/Streets Build/High City Streets/Platform Floating/FloatingPlatform00_2.5_Fenced.prefab
FloatingPlatform00_2.5Corner,Buildings,무한,Assets/_DLNK/Neon City/[Prefabs]/City Builder/0_Basic/Streets Build/High City Streets/Platform Floating/FloatingPlatform00_2.5Corner.prefab
FloatingPlatform00_2.5Corner_Fenced,Buildings,무한,Assets/_DLNK/Neon City/[Prefabs]/City Builder/0_Basic/Streets Build/High City Streets/Platform Floating/FloatingPlatform00_2.5Corner_Fenced.prefab
FloatingPlatform00_2.5HardCorner,Buildings,무한,Assets/_DLNK/Neon City/[Prefabs]/City Builder/0_Basic/Streets Build/High City Streets/Platform Floating/FloatingPlatform00_2.5HardCorner.prefab
FloatingPlatform00_2.5HardCorner2,Buildings,무한,Assets/_DLNK/Neon City/[Prefabs]/City Builder/0_Basic/Streets Build/High City Streets/Platform Floating/FloatingPlatform00_2.5HardCorner2.prefab
FloatingPlatform00_2.5HardCorner2_Fenced,Buildings,무한,Assets/_DLNK/Neon City/[Prefabs]/City Builder/0_Basic/Streets Build/High City Streets/Platform Floating/FloatingPlatform00_2.5HardCorner2_Fenced.prefab
FloatingPlatform00_2.5HardCorner_Fenced,Buildings,무한,Assets/_DLNK/Neon City/[Prefabs]/City Builder/0_Basic/Streets Build/High City Streets/Platform Floating/FloatingPlatform00_2.5HardCorner_Fenced.prefab
FloatingPlatform00_2.5HardInteriorCorner_Fenced,Buildings,무한,Assets/_DLNK/Neon City/[Prefabs]/City Builder/0_Basic/Streets Build/High City Streets/Platform Floating/FloatingPlatform00_2.5HardInteriorCorner_Fenced.prefab
FloatingPlatform00_2.5InteriorCorner,Buildings,무한,Assets/_DLNK/Neon City/[Prefabs]/City Builder/0_Basic/Streets Build/High City Streets/Platform Floating/FloatingPlatform00_2.5InteriorCorner.prefab
FloatingPlatform00_2.5InteriorCorner_b,Buildings,무한,Assets/_DLNK/Neon City/[Prefabs]/City Builder/0_Basic/Streets Build/High City Streets/Platform Floating/FloatingPlatform00_2.5InteriorCorner_b.prefab
FloatingPlatform00_2.5InteriorCorner_b_Fenced,Buildings,무한,Assets/_DLNK/Neon City/[Prefabs]/City Builder/0_Basic/Streets Build/High City Streets/Platform Floating/FloatingPlatform00_2.5InteriorCorner_b_Fenced.prefab
FloatingPlatform00_2.5InteriorCorner_Fenced,Buildings,무한,Assets/_DLNK/Neon City/[Prefabs]/City Builder/0_Basic/Streets Build/High City Streets/Platform Floating/FloatingPlatform00_2.5InteriorCorner_Fenced.prefab
FloatingPlatform00_5,Buildings,무한,Assets/_DLNK/Neon City/[Prefabs]/City Builder/0_Basic/Streets Build/High City Streets/Platform Floating/FloatingPlatform00_5.prefab
FloatingPlatform00_5_Fenced,Buildings,무한,Assets/_DLNK/Neon City/[Prefabs]/City Builder/0_Basic/Streets Build/High City Streets/Platform Floating/FloatingPlatform00_5_Fenced.prefab
FloatingPlatform00_5Corner,Buildings,무한,Assets/_DLNK/Neon City/[Prefabs]/City Builder/0_Basic/Streets Build/High City Streets/Platform Floating/FloatingPlatform00_5Corner.prefab
FloatingPlatform00_5Corner_Fenced,Buildings,무한,Assets/_DLNK/Neon City/[Prefabs]/City Builder/0_Basic/Streets Build/High City Streets/Platform Floating/FloatingPlatform00_5Corner_Fenced.prefab
FloatingPlatform00_5InteriorCorner,Buildings,무한,Assets/_DLNK/Neon City/[Prefabs]/City Builder/0_Basic/Streets Build/High City Streets/Platform Floating/FloatingPlatform00_5InteriorCorner.prefab
FloatingPlatform00_5InteriorCorner_Fenced,Buildings,무한,Assets/_DLNK/Neon City/[Prefabs]/City Builder/0_Basic/Streets Build/High City Streets/Platform Floating/FloatingPlatform00_5InteriorCorner_Fenced.prefab
FloatingPlatform00b_1,Buildings,무한,Assets/_DLNK/Neon City/[Prefabs]/City Builder/0_Basic/Streets Build/High City Streets/Platform Floating/FloatingPlatform00b_1.prefab
FloatingPlatform00b_2.5,Buildings,무한,Assets/_DLNK/Neon City/[Prefabs]/City Builder/0_Basic/Streets Build/High City Streets/Platform Floating/FloatingPlatform00b_2.5.prefab
FloatingPlatform00b_2.5Corner,Buildings,무한,Assets/_DLNK/Neon City/[Prefabs]/City Builder/0_Basic/Streets Build/High City Streets/Platform Floating/FloatingPlatform00b_2.5Corner.prefab
FloatingPlatform00b_2.5HardCorner,Buildings,무한,Assets/_DLNK/Neon City/[Prefabs]/City Builder/0_Basic/Streets Build/High City Streets/Platform Floating/FloatingPlatform00b_2.5HardCorner.prefab
FloatingPlatform00b_2.5HardCorner2,Buildings,무한,Assets/_DLNK/Neon City/[Prefabs]/City Builder/0_Basic/Streets Build/High City Streets/Platform Floating/FloatingPlatform00b_2.5HardCorner2.prefab
FloatingPlatform00b_2.5HardInteriorCorner,Buildings,무한,Assets/_DLNK/Neon City/[Prefabs]/City Builder/0_Basic/Streets Build/High City Streets/Platform Floating/FloatingPlatform00b_2.5HardInteriorCorner.prefab
FloatingPlatform00b_2.5InteriorCorner,Buildings,무한,Assets/_DLNK/Neon City/[Prefabs]/City Builder/0_Basic/Streets Build/High City Streets/Platform Floating/FloatingPlatform00b_2.5InteriorCorner.prefab
FloatingPlatform00b_2.5InteriorCornerb,Buildings,무한,Assets/_DLNK/Neon City/[Prefabs]/City Builder/0_Basic/Streets Build/High City Streets/Platform Floating/FloatingPlatform00b_2.5InteriorCornerb.prefab
FloatingPlatform00b_5,Buildings,무한,Assets/_DLNK/Neon City/[Prefabs]/City Builder/0_Basic/Streets Build/High City Streets/Platform Floating/FloatingPlatform00b_5.prefab
FloatingPlatform00b_5Corner,Buildings,무한,Assets/_DLNK/Neon City/[Prefabs]/City Builder/0_Basic/Streets Build/High City Streets/Platform Floating/FloatingPlatform00b_5Corner.prefab
FloatingPlatform00b_5InteriorCorner,Buildings,무한,Assets/_DLNK/Neon City/[Prefabs]/City Builder/0_Basic/Streets Build/High City Streets/Platform Floating/FloatingPlatform00b_5InteriorCorner.prefab
FloatingPlatform_Support00,Buildings,무한,Assets/_DLNK/Neon City/[Prefabs]/City Builder/0_Basic/Streets Build/High City Streets/Platform Floating/FloatingPlatform_Support00.prefab
FloatingPlatform_Support01,Buildings,무한,Assets/_DLNK/Neon City/[Prefabs]/City Builder/0_Basic/Streets Build/High City Streets/Platform Floating/FloatingPlatform_Support01.prefab
Platform_InferiorDeco00,Buildings,무한,Assets/_DLNK/Neon City/[Prefabs]/City Builder/0_Basic/Streets Build/High City Streets/Platform Floating/Platform_InferiorDeco00.prefab
Platform_InferiorDeco01,Buildings,무한,Assets/_DLNK/Neon City/[Prefabs]/City Builder/0_Basic/Streets Build/High City Streets/Platform Floating/Platform_InferiorDeco01.prefab
Platform_InferiorDeco02,Buildings,무한,Assets/_DLNK/Neon City/[Prefabs]/City Builder/0_Basic/Streets Build/High City Streets/Platform Floating/Platform_InferiorDeco02.prefab
Platform_InferiorDeco03,Buildings,무한,Assets/_DLNK/Neon City/[Prefabs]/City Builder/0_Basic/Streets Build/High City Streets/Platform Floating/Platform_InferiorDeco03.prefab
PlatformWall00_1 Variant,Buildings,무한,Assets/_DLNK/Neon City/[Prefabs]/City Builder/0_Basic/Streets Build/High City Streets/Platform Walls/PlatformWall00_1 Variant.prefab
PlatformWall00_2.5 Variant,Buildings,무한,Assets/_DLNK/Neon City/[Prefabs]/City Builder/0_Basic/Streets Build/High City Streets/Platform Walls/PlatformWall00_2.5 Variant.prefab
PlatformWall00_2.5Corner Variant,Buildings,무한,Assets/_DLNK/Neon City/[Prefabs]/City Builder/0_Basic/Streets Build/High City Streets/Platform Walls/PlatformWall00_2.5Corner Variant.prefab
PlatformWall00_2.5HardCorner Variant,Buildings,무한,Assets/_DLNK/Neon City/[Prefabs]/City Builder/0_Basic/Streets Build/High City Streets/Platform Walls/PlatformWall00_2.5HardCorner Variant.prefab
PlatformWall00_2.5HardCorner2 Variant,Buildings,무한,Assets/_DLNK/Neon City/[Prefabs]/City Builder/0_Basic/Streets Build/High City Streets/Platform Walls/PlatformWall00_2.5HardCorner2 Variant.prefab
PlatformWall00_2.5InteriorCorner Variant,Buildings,무한,Assets/_DLNK/Neon City/[Prefabs]/City Builder/0_Basic/Streets Build/High City Streets/Platform Walls/PlatformWall00_2.5InteriorCorner Variant.prefab
PlatformWall00_2.5InteriorCorner_b Variant,Buildings,무한,Assets/_DLNK/Neon City/[Prefabs]/City Builder/0_Basic/Streets Build/High City Streets/Platform Walls/PlatformWall00_2.5InteriorCorner_b Variant.prefab
PlatformWall00_5 Variant,Buildings,무한,Assets/_DLNK/Neon City/[Prefabs]/City Builder/0_Basic/Streets Build/High City Streets/Platform Walls/PlatformWall00_5 Variant.prefab
PlatformWall00_5Corner Variant,Buildings,무한,Assets/_DLNK/Neon City/[Prefabs]/City Builder/0_Basic/Streets Build/High City Streets/Platform Walls/PlatformWall00_5Corner Variant.prefab
PlatformWall00_5InteriorCorner Variant,Buildings,무한,Assets/_DLNK/Neon City/[Prefabs]/City Builder/0_Basic/Streets Build/High City Streets/Platform Walls/PlatformWall00_5InteriorCorner Variant.prefab
PlatformWall00b_1 Variant,Buildings,무한,Assets/_DLNK/Neon City/[Prefabs]/City Builder/0_Basic/Streets Build/High City Streets/Platform Walls/PlatformWall00b_1 Variant.prefab
PlatformWall00b_2.5 Variant,Buildings,무한,Assets/_DLNK/Neon City/[Prefabs]/City Builder/0_Basic/Streets Build/High City Streets/Platform Walls/PlatformWall00b_2.5 Variant.prefab
PlatformWall00b_2.5Corner Variant,Buildings,무한,Assets/_DLNK/Neon City/[Prefabs]/City Builder/0_Basic/Streets Build/High City Streets/Platform Walls/PlatformWall00b_2.5Corner Variant.prefab
PlatformWall00b_2.5HardCorner Variant,Buildings,무한,Assets/_DLNK/Neon City/[Prefabs]/City Builder/0_Basic/Streets Build/High City Streets/Platform Walls/PlatformWall00b_2.5HardCorner Variant.prefab
PlatformWall00b_2.5HardCorner2 Variant,Buildings,무한,Assets/_DLNK/Neon City/[Prefabs]/City Builder/0_Basic/Streets Build/High City Streets/Platform Walls/PlatformWall00b_2.5HardCorner2 Variant.prefab
PlatformWall00b_2.5InteriorCorner Variant,Buildings,무한,Assets/_DLNK/Neon City/[Prefabs]/City Builder/0_Basic/Streets Build/High City Streets/Platform Walls/PlatformWall00b_2.5InteriorCorner Variant.prefab
PlatformWall00b_2.5InteriorCornerb Variant,Buildings,무한,Assets/_DLNK/Neon City/[Prefabs]/City Builder/0_Basic/Streets Build/High City Streets/Platform Walls/PlatformWall00b_2.5InteriorCornerb Variant.prefab
PlatformWall00b_5 Variant,Buildings,무한,Assets/_DLNK/Neon City/[Prefabs]/City Builder/0_Basic/Streets Build/High City Streets/Platform Walls/PlatformWall00b_5 Variant.prefab
PlatformWall00b_5Corner Variant,Buildings,무한,Assets/_DLNK/Neon City/[Prefabs]/City Builder/0_Basic/Streets Build/High City Streets/Platform Walls/PlatformWall00b_5Corner Variant.prefab
PlatformWall00b_5InteriorCorner Variant,Buildings,무한,Assets/_DLNK/Neon City/[Prefabs]/City Builder/0_Basic/Streets Build/High City Streets/Platform Walls/PlatformWall00b_5InteriorCorner Variant.prefab
GroundElevation00_Concrete Variant,Buildings,무한,Assets/_DLNK/Neon City/[Prefabs]/City Builder/0_Basic/Streets Build/Streets/Levels/Concrete/GroundElevation00_Concrete Variant.prefab
GroundElevation002_Concrete Variant,Buildings,무한,Assets/_DLNK/Neon City/[Prefabs]/City Builder/0_Basic/Streets Build/Streets/Levels/Concrete/GroundElevation002_Concrete Variant.prefab
GroundElevation004_Concrete Variant,Buildings,무한,Assets/_DLNK/Neon City/[Prefabs]/City Builder/0_Basic/Streets Build/Streets/Levels/Concrete/GroundElevation004_Concrete Variant.prefab
GroundElevation006_Concrete Variant,Buildings,무한,Assets/_DLNK/Neon City/[Prefabs]/City Builder/0_Basic/Streets Build/Streets/Levels/Concrete/GroundElevation006_Concrete Variant.prefab
GroundElevation_Premade_Concrete00,Buildings,무한,Assets/_DLNK/Neon City/[Prefabs]/City Builder/0_Basic/Streets Build/Streets/Levels/Concrete/GroundElevation_Premade_Concrete00.prefab
GroundElevation_Premade_Concrete01,Buildings,무한,Assets/_DLNK/Neon City/[Prefabs]/City Builder/0_Basic/Streets Build/Streets/Levels/Concrete/GroundElevation_Premade_Concrete01.prefab
GroundElevation_Premade_Concrete02,Buildings,무한,Assets/_DLNK/Neon City/[Prefabs]/City Builder/0_Basic/Streets Build/Streets/Levels/Concrete/GroundElevation_Premade_Concrete02.prefab
GroundElevation00,Buildings,무한,Assets/_DLNK/Neon City/[Prefabs]/City Builder/0_Basic/Streets Build/Streets/Levels/Original/GroundElevation00.prefab
GroundElevation001,Buildings,무한,Assets/_DLNK/Neon City/[Prefabs]/City Builder/0_Basic/Streets Build/Streets/Levels/Original/GroundElevation001.prefab
GroundElevation002,Buildings,무한,Assets/_DLNK/Neon City/[Prefabs]/City Builder/0_Basic/Streets Build/Streets/Levels/Original/GroundElevation002.prefab
GroundElevation003,Buildings,무한,Assets/_DLNK/Neon City/[Prefabs]/City Builder/0_Basic/Streets Build/Streets/Levels/Original/GroundElevation003.prefab
GroundElevation004,Buildings,무한,Assets/_DLNK/Neon City/[Prefabs]/City Builder/0_Basic/Streets Build/Streets/Levels/Original/GroundElevation004.prefab
GroundElevation005,Buildings,무한,Assets/_DLNK/Neon City/[Prefabs]/City Builder/0_Basic/Streets Build/Streets/Levels/Original/GroundElevation005.prefab
GroundElevation006,Buildings,무한,Assets/_DLNK/Neon City/[Prefabs]/City Builder/0_Basic/Streets Build/Streets/Levels/Original/GroundElevation006.prefab
GroundElevation007,Buildings,무한,Assets/_DLNK/Neon City/[Prefabs]/City Builder/0_Basic/Streets Build/Streets/Levels/Original/GroundElevation007.prefab
GroundElevation008,Buildings,무한,Assets/_DLNK/Neon City/[Prefabs]/City Builder/0_Basic/Streets Build/Streets/Levels/Original/GroundElevation008.prefab
GroundElevation009,Buildings,무한,Assets/_DLNK/Neon City/[Prefabs]/City Builder/0_Basic/Streets Build/Streets/Levels/Original/GroundElevation009.prefab
GroundElevation010,Buildings,무한,Assets/_DLNK/Neon City/[Prefabs]/City Builder/0_Basic/Streets Build/Streets/Levels/Original/GroundElevation010.prefab
SteetRoad_Composed_00,Buildings,무한,Assets/_DLNK/Neon City/[Prefabs]/City Builder/0_Basic/Streets Build/Streets/Road/Composed/SteetRoad_Composed_00.prefab
SteetRoad_Composed_01,Buildings,무한,Assets/_DLNK/Neon City/[Prefabs]/City Builder/0_Basic/Streets Build/Streets/Road/Composed/SteetRoad_Composed_01.prefab
SteetRoad_Composed_02,Buildings,무한,Assets/_DLNK/Neon City/[Prefabs]/City Builder/0_Basic/Streets Build/Streets/Road/Composed/SteetRoad_Composed_02.prefab
SteetRoad_Composed_03,Buildings,무한,Assets/_DLNK/Neon City/[Prefabs]/City Builder/0_Basic/Streets Build/Streets/Road/Composed/SteetRoad_Composed_03.prefab
SteetRoad_Composed_04,Buildings,무한,Assets/_DLNK/Neon City/[Prefabs]/City Builder/0_Basic/Streets Build/Streets/Road/Composed/SteetRoad_Composed_04.prefab
SteetRoad_Composed_05,Buildings,무한,Assets/_DLNK/Neon City/[Prefabs]/City Builder/0_Basic/Streets Build/Streets/Road/Composed/SteetRoad_Composed_05.prefab
SteetRoad_Composed_06,Buildings,무한,Assets/_DLNK/Neon City/[Prefabs]/City Builder/0_Basic/Streets Build/Streets/Road/Composed/SteetRoad_Composed_06.prefab
SteetRoad_Composed_07,Buildings,무한,Assets/_DLNK/Neon City/[Prefabs]/City Builder/0_Basic/Streets Build/Streets/Road/Composed/SteetRoad_Composed_07.prefab
SteetRoad_Composed_08,Buildings,무한,Assets/_DLNK/Neon City/[Prefabs]/City Builder/0_Basic/Streets Build/Streets/Road/Composed/SteetRoad_Composed_08.prefab
StreetRoad00,Buildings,무한,Assets/_DLNK/Neon City/[Prefabs]/City Builder/0_Basic/Streets Build/Streets/Road/Optimized/StreetRoad00.prefab
StreetRoad01,Buildings,무한,Assets/_DLNK/Neon City/[Prefabs]/City Builder/0_Basic/Streets Build/Streets/Road/Optimized/StreetRoad01.prefab
StreetRoad02,Buildings,무한,Assets/_DLNK/Neon City/[Prefabs]/City Builder/0_Basic/Streets Build/Streets/Road/Optimized/StreetRoad02.prefab
StreetRoad03,Buildings,무한,Assets/_DLNK/Neon City/[Prefabs]/City Builder/0_Basic/Streets Build/Streets/Road/Optimized/StreetRoad03.prefab
StreetRoad04,Buildings,무한,Assets/_DLNK/Neon City/[Prefabs]/City Builder/0_Basic/Streets Build/Streets/Road/Optimized/StreetRoad04.prefab
StreetRoad05,Buildings,무한,Assets/_DLNK/Neon City/[Prefabs]/City Builder/0_Basic/Streets Build/Streets/Road/Optimized/StreetRoad05.prefab
StreetRoad00,Buildings,무한,Assets/_DLNK/Neon City/[Prefabs]/City Builder/0_Basic/Streets Build/Streets/Road/Original/StreetRoad00.prefab
StreetRoad01,Buildings,무한,Assets/_DLNK/Neon City/[Prefabs]/City Builder/0_Basic/Streets Build/Streets/Road/Original/StreetRoad01.prefab
StreetRoad02,Buildings,무한,Assets/_DLNK/Neon City/[Prefabs]/City Builder/0_Basic/Streets Build/Streets/Road/Original/StreetRoad02.prefab
StreetRoad03,Buildings,무한,Assets/_DLNK/Neon City/[Prefabs]/City Builder/0_Basic/Streets Build/Streets/Road/Original/StreetRoad03.prefab
StreetRoad04,Buildings,무한,Assets/_DLNK/Neon City/[Prefabs]/City Builder/0_Basic/Streets Build/Streets/Road/Original/StreetRoad04.prefab
StreetRoad05,Buildings,무한,Assets/_DLNK/Neon City/[Prefabs]/City Builder/0_Basic/Streets Build/Streets/Road/Original/StreetRoad05.prefab
CityWallsBase00,Buildings,무한,Assets/_DLNK/Neon City/[Prefabs]/City Builder/0_Basic/Streets Build/Walls/Basic Metal/CityWallsBase00.prefab
CityWallsBase001,Buildings,무한,Assets/_DLNK/Neon City/[Prefabs]/City Builder/0_Basic/Streets Build/Walls/Basic Metal/CityWallsBase001.prefab
CityWallsBase002,Buildings,무한,Assets/_DLNK/Neon City/[Prefabs]/City Builder/0_Basic/Streets Build/Walls/Basic Metal/CityWallsBase002.prefab
CityWallsBase003,Buildings,무한,Assets/_DLNK/Neon City/[Prefabs]/City Builder/0_Basic/Streets Build/Walls/Basic Metal/CityWallsBase003.prefab
CityWallsBase004,Buildings,무한,Assets/_DLNK/Neon City/[Prefabs]/City Builder/0_Basic/Streets Build/Walls/Basic Metal/CityWallsBase004.prefab
CityWallsStairs00,Buildings,무한,Assets/_DLNK/Neon City/[Prefabs]/City Builder/0_Basic/Streets Build/Walls/Basic Metal/CityWallsStairs00.prefab
CityWallsWall00,Buildings,무한,Assets/_DLNK/Neon City/[Prefabs]/City Builder/0_Basic/Streets Build/Walls/Basic Metal/CityWallsWall00.prefab
CityWallsWall001,Buildings,무한,Assets/_DLNK/Neon City/[Prefabs]/City Builder/0_Basic/Streets Build/Walls/Basic Metal/CityWallsWall001.prefab
CityWallsWall002,Buildings,무한,Assets/_DLNK/Neon City/[Prefabs]/City Builder/0_Basic/Streets Build/Walls/Basic Metal/CityWallsWall002.prefab
CityWallsWall003,Buildings,무한,Assets/_DLNK/Neon City/[Prefabs]/City Builder/0_Basic/Streets Build/Walls/Basic Metal/CityWallsWall003.prefab
CityWallsWall004,Buildings,무한,Assets/_DLNK/Neon City/[Prefabs]/City Builder/0_Basic/Streets Build/Walls/Basic Metal/CityWallsWall004.prefab
CityWallsWall005,Buildings,무한,Assets/_DLNK/Neon City/[Prefabs]/City Builder/0_Basic/Streets Build/Walls/Basic Metal/CityWallsWall005.prefab
CityWallsWall006,Buildings,무한,Assets/_DLNK/Neon City/[Prefabs]/City Builder/0_Basic/Streets Build/Walls/Basic Metal/CityWallsWall006.prefab
CityWallsWall007,Buildings,무한,Assets/_DLNK/Neon City/[Prefabs]/City Builder/0_Basic/Streets Build/Walls/Basic Metal/CityWallsWall007.prefab
CityWallsBase00_Concrete,Buildings,무한,Assets/_DLNK/Neon City/[Prefabs]/City Builder/0_Basic/Streets Build/Walls/Concrete/CityWallsBase00_Concrete.prefab
CityWallsBase001_Concrete,Buildings,무한,Assets/_DLNK/Neon City/[Prefabs]/City Builder/0_Basic/Streets Build/Walls/Concrete/CityWallsBase001_Concrete.prefab
CityWallsBase002_Concrete,Buildings,무한,Assets/_DLNK/Neon City/[Prefabs]/City Builder/0_Basic/Streets Build/Walls/Concrete/CityWallsBase002_Concrete.prefab
CityWallsBase003_Concrete,Buildings,무한,Assets/_DLNK/Neon City/[Prefabs]/City Builder/0_Basic/Streets Build/Walls/Concrete/CityWallsBase003_Concrete.prefab
CityWallsBase004_Concrete,Buildings,무한,Assets/_DLNK/Neon City/[Prefabs]/City Builder/0_Basic/Streets Build/Walls/Concrete/CityWallsBase004_Concrete.prefab
CityWallsStairs00_Concrete,Buildings,무한,Assets/_DLNK/Neon City/[Prefabs]/City Builder/0_Basic/Streets Build/Walls/Concrete/CityWallsStairs00_Concrete.prefab
CityWallsWall00_Concrete,Buildings,무한,Assets/_DLNK/Neon City/[Prefabs]/City Builder/0_Basic/Streets Build/Walls/Concrete/CityWallsWall00_Concrete.prefab
CityWallsWall001_Concrete,Buildings,무한,Assets/_DLNK/Neon City/[Prefabs]/City Builder/0_Basic/Streets Build/Walls/Concrete/CityWallsWall001_Concrete.prefab
CityWallsWall002_Concrete,Buildings,무한,Assets/_DLNK/Neon City/[Prefabs]/City Builder/0_Basic/Streets Build/Walls/Concrete/CityWallsWall002_Concrete.prefab
CityWallsWall003_Concrete,Buildings,무한,Assets/_DLNK/Neon City/[Prefabs]/City Builder/0_Basic/Streets Build/Walls/Concrete/CityWallsWall003_Concrete.prefab
CityWallsWall004_Concrete,Buildings,무한,Assets/_DLNK/Neon City/[Prefabs]/City Builder/0_Basic/Streets Build/Walls/Concrete/CityWallsWall004_Concrete.prefab
CityWallsWall005_Concrete,Buildings,무한,Assets/_DLNK/Neon City/[Prefabs]/City Builder/0_Basic/Streets Build/Walls/Concrete/CityWallsWall005_Concrete.prefab
CityWallsWall006_Concrete,Buildings,무한,Assets/_DLNK/Neon City/[Prefabs]/City Builder/0_Basic/Streets Build/Walls/Concrete/CityWallsWall006_Concrete.prefab
CityWallsWall007_Concrete,Buildings,무한,Assets/_DLNK/Neon City/[Prefabs]/City Builder/0_Basic/Streets Build/Walls/Concrete/CityWallsWall007_Concrete.prefab
CityWalls_Premade_Rusted00,Buildings,무한,Assets/_DLNK/Neon City/[Prefabs]/City Builder/0_Basic/Streets Build/Walls/Rusted Metal/CityWalls_Premade_Rusted00.prefab
CityWallsWall00_Rusted Variant,Buildings,무한,Assets/_DLNK/Neon City/[Prefabs]/City Builder/0_Basic/Streets Build/Walls/Rusted Metal/CityWallsWall00_Rusted Variant.prefab
CityWallsWall002_Rusted Variant,Buildings,무한,Assets/_DLNK/Neon City/[Prefabs]/City Builder/0_Basic/Streets Build/Walls/Rusted Metal/CityWallsWall002_Rusted Variant.prefab
CityWallsWall005_Rusted Variant,Buildings,무한,Assets/_DLNK/Neon City/[Prefabs]/City Builder/0_Basic/Streets Build/Walls/Rusted Metal/CityWallsWall005_Rusted Variant.prefab
CityWallsWall006_Rusted Variant,Buildings,무한,Assets/_DLNK/Neon City/[Prefabs]/City Builder/0_Basic/Streets Build/Walls/Rusted Metal/CityWallsWall006_Rusted Variant.prefab
CityWallsWall006_RustedSmall,Buildings,무한,Assets/_DLNK/Neon City/[Prefabs]/City Builder/0_Basic/Streets Build/Walls/Rusted Metal/CityWallsWall006_RustedSmall.prefab
StreetBuilding00_10x10,Buildings,무한,Assets/_DLNK/Neon City/[Prefabs]/City Builder/1_Premade/Essential/Decorative/Building/StreetBuilding00_10x10.prefab
StreetBuilding01_20x10,Buildings,무한,Assets/_DLNK/Neon City/[Prefabs]/City Builder/1_Premade/Essential/Decorative/Building/StreetBuilding01_20x10.prefab
StreetBuilding02_10x10,Buildings,무한,Assets/_DLNK/Neon City/[Prefabs]/City Builder/1_Premade/Essential/Decorative/Building/StreetBuilding02_10x10.prefab
StreetBuilding03_10x10,Buildings,무한,Assets/_DLNK/Neon City/[Prefabs]/City Builder/1_Premade/Essential/Decorative/Building/StreetBuilding03_10x10.prefab
StreetBuilding04_20x10,Buildings,무한,Assets/_DLNK/Neon City/[Prefabs]/City Builder/1_Premade/Essential/Decorative/Building/StreetBuilding04_20x10.prefab
StreetBuilding05_15x10,Buildings,무한,Assets/_DLNK/Neon City/[Prefabs]/City Builder/1_Premade/Essential/Decorative/Building/StreetBuilding05_15x10.prefab
StreetBuilding06_32.5x12.5,Buildings,무한,Assets/_DLNK/Neon City/[Prefabs]/City Builder/1_Premade/Essential/Decorative/Building/StreetBuilding06_32.5x12.5.prefab
StreetBuilding07_5x10,Buildings,무한,Assets/_DLNK/Neon City/[Prefabs]/City Builder/1_Premade/Essential/Decorative/Building/StreetBuilding07_5x10.prefab
StreetBuilding_Rounded00,Buildings,무한,Assets/_DLNK/Neon City/[Prefabs]/City Builder/1_Premade/Essential/Decorative/Building/StreetBuilding_Rounded00.prefab
StreetBuilding_Rounded01,Buildings,무한,Assets/_DLNK/Neon City/[Prefabs]/City Builder/1_Premade/Essential/Decorative/Building/StreetBuilding_Rounded01.prefab
RoofPremade00,Buildings,무한,Assets/_DLNK/Neon City/[Prefabs]/City Builder/1_Premade/Essential/Decorative/Modules/Roof/Premade/RoofPremade00.prefab
RoofPremade00b Variant,Buildings,무한,Assets/_DLNK/Neon City/[Prefabs]/City Builder/1_Premade/Essential/Decorative/Modules/Roof/Premade/RoofPremade00b Variant.prefab
RoofPremade01,Buildings,무한,Assets/_DLNK/Neon City/[Prefabs]/City Builder/1_Premade/Essential/Decorative/Modules/Roof/Premade/RoofPremade01.prefab
RoofPremade02,Buildings,무한,Assets/_DLNK/Neon City/[Prefabs]/City Builder/1_Premade/Essential/Decorative/Modules/Roof/Premade/RoofPremade02.prefab
BuildRoof_End00,Buildings,무한,Assets/_DLNK/Neon City/[Prefabs]/City Builder/1_Premade/Essential/Decorative/Modules/Roof/Unique/BuildRoof_End00.prefab
BuildRoof_End001,Buildings,무한,Assets/_DLNK/Neon City/[Prefabs]/City Builder/1_Premade/Essential/Decorative/Modules/Roof/Unique/BuildRoof_End001.prefab
BuildingDeco00,Buildings,무한,Assets/_DLNK/Neon City/[Prefabs]/City Builder/1_Premade/Essential/Decorative/Modules/Simple/BuildingDeco00.prefab
BuildingDeco00_2 Variant,Buildings,무한,Assets/_DLNK/Neon City/[Prefabs]/City Builder/1_Premade/Essential/Decorative/Modules/Simple/BuildingDeco00_2 Variant.prefab
BuildingDeco00b,Buildings,무한,Assets/_DLNK/Neon City/[Prefabs]/City Builder/1_Premade/Essential/Decorative/Modules/Simple/BuildingDeco00b.prefab
BuildingDeco01,Buildings,무한,Assets/_DLNK/Neon City/[Prefabs]/City Builder/1_Premade/Essential/Decorative/Modules/Simple/BuildingDeco01.prefab
BuildingDeco01_2 Variant,Buildings,무한,Assets/_DLNK/Neon City/[Prefabs]/City Builder/1_Premade/Essential/Decorative/Modules/Simple/BuildingDeco01_2 Variant.prefab
BuildingDeco01b,Buildings,무한,Assets/_DLNK/Neon City/[Prefabs]/City Builder/1_Premade/Essential/Decorative/Modules/Simple/BuildingDeco01b.prefab
BuildingDeco01b_2 Variant,Buildings,무한,Assets/_DLNK/Neon City/[Prefabs]/City Builder/1_Premade/Essential/Decorative/Modules/Simple/BuildingDeco01b_2 Variant.prefab
BuildingDeco002,Buildings,무한,Assets/_DLNK/Neon City/[Prefabs]/City Builder/1_Premade/Essential/Decorative/Modules/Simple/BuildingDeco002.prefab
BuildingDeco002b,Buildings,무한,Assets/_DLNK/Neon City/[Prefabs]/City Builder/1_Premade/Essential/Decorative/Modules/Simple/BuildingDeco002b.prefab
BuildingDeco002b_2 Variant,Buildings,무한,Assets/_DLNK/Neon City/[Prefabs]/City Builder/1_Premade/Essential/Decorative/Modules/Simple/BuildingDeco002b_2 Variant.prefab
BuildingDeco003,Buildings,무한,Assets/_DLNK/Neon City/[Prefabs]/City Builder/1_Premade/Essential/Decorative/Modules/Simple/BuildingDeco003.prefab
BuildingDeco003b,Buildings,무한,Assets/_DLNK/Neon City/[Prefabs]/City Builder/1_Premade/Essential/Decorative/Modules/Simple/BuildingDeco003b.prefab
BuildingDeco003b_2 Variant,Buildings,무한,Assets/_DLNK/Neon City/[Prefabs]/City Builder/1_Premade/Essential/Decorative/Modules/Simple/BuildingDeco003b_2 Variant.prefab
BuildingDeco003c,Buildings,무한,Assets/_DLNK/Neon City/[Prefabs]/City Builder/1_Premade/Essential/Decorative/Modules/Simple/BuildingDeco003c.prefab
BuildingDeco003c_2 Variant,Buildings,무한,Assets/_DLNK/Neon City/[Prefabs]/City Builder/1_Premade/Essential/Decorative/Modules/Simple/BuildingDeco003c_2 Variant.prefab
BuildingDeco003d,Buildings,무한,Assets/_DLNK/Neon City/[Prefabs]/City Builder/1_Premade/Essential/Decorative/Modules/Simple/BuildingDeco003d.prefab
BuildingDeco003e,Buildings,무한,Assets/_DLNK/Neon City/[Prefabs]/City Builder/1_Premade/Essential/Decorative/Modules/Simple/BuildingDeco003e.prefab
BuildingDeco003e_2 Variant,Buildings,무한,Assets/_DLNK/Neon City/[Prefabs]/City Builder/1_Premade/Essential/Decorative/Modules/Simple/BuildingDeco003e_2 Variant.prefab
BuildingDeco003f,Buildings,무한,Assets/_DLNK/Neon City/[Prefabs]/City Builder/1_Premade/Essential/Decorative/Modules/Simple/BuildingDeco003f.prefab
BuildingDeco003g,Buildings,무한,Assets/_DLNK/Neon City/[Prefabs]/City Builder/1_Premade/Essential/Decorative/Modules/Simple/BuildingDeco003g.prefab
BuildingDeco003g_2 Variant,Buildings,무한,Assets/_DLNK/Neon City/[Prefabs]/City Builder/1_Premade/Essential/Decorative/Modules/Simple/BuildingDeco003g_2 Variant.prefab
BuildingDeco004,Buildings,무한,Assets/_DLNK/Neon City/[Prefabs]/City Builder/1_Premade/Essential/Decorative/Modules/Simple/BuildingDeco004.prefab
BuildingDeco004b,Buildings,무한,Assets/_DLNK/Neon City/[Prefabs]/City Builder/1_Premade/Essential/Decorative/Modules/Simple/BuildingDeco004b.prefab
BuildingDeco004b2 Variant,Buildings,무한,Assets/_DLNK/Neon City/[Prefabs]/City Builder/1_Premade/Essential/Decorative/Modules/Simple/BuildingDeco004b2 Variant.prefab
CityWalls00,Buildings,무한,Assets/_DLNK/Neon City/[Prefabs]/City Builder/1_Premade/Essential/Decorative/Modules/Walls/CityWalls00.prefab
CityWalls01,Buildings,무한,Assets/_DLNK/Neon City/[Prefabs]/City Builder/1_Premade/Essential/Decorative/Modules/Walls/CityWalls01.prefab
CityWalls02,Buildings,무한,Assets/_DLNK/Neon City/[Prefabs]/City Builder/1_Premade/Essential/Decorative/Modules/Walls/CityWalls02.prefab
CityWalls03,Buildings,무한,Assets/_DLNK/Neon City/[Prefabs]/City Builder/1_Premade/Essential/Decorative/Modules/Walls/CityWalls03.prefab
CityWalls04,Buildings,무한,Assets/_DLNK/Neon City/[Prefabs]/City Builder/1_Premade/Essential/Decorative/Modules/Walls/CityWalls04.prefab
CityWalls05,Buildings,무한,Assets/_DLNK/Neon City/[Prefabs]/City Builder/1_Premade/Essential/Decorative/Modules/Walls/CityWalls05.prefab
CityWalls06,Buildings,무한,Assets/_DLNK/Neon City/[Prefabs]/City Builder/1_Premade/Essential/Decorative/Modules/Walls/CityWalls06.prefab
CityWalls07,Buildings,무한,Assets/_DLNK/Neon City/[Prefabs]/City Builder/1_Premade/Essential/Decorative/Modules/Walls/CityWalls07.prefab
CityWalls08,Buildings,무한,Assets/_DLNK/Neon City/[Prefabs]/City Builder/1_Premade/Essential/Decorative/Modules/Walls/CityWalls08.prefab
CityWalls09,Buildings,무한,Assets/_DLNK/Neon City/[Prefabs]/City Builder/1_Premade/Essential/Decorative/Modules/Walls/CityWalls09.prefab
CityWalls10,Buildings,무한,Assets/_DLNK/Neon City/[Prefabs]/City Builder/1_Premade/Essential/Decorative/Modules/Walls/CityWalls10.prefab
CityWalls11,Buildings,무한,Assets/_DLNK/Neon City/[Prefabs]/City Builder/1_Premade/Essential/Decorative/Modules/Walls/CityWalls11.prefab
CityWalls12,Buildings,무한,Assets/_DLNK/Neon City/[Prefabs]/City Builder/1_Premade/Essential/Decorative/Modules/Walls/CityWalls12.prefab
CityWalls13,Buildings,무한,Assets/_DLNK/Neon City/[Prefabs]/City Builder/1_Premade/Essential/Decorative/Modules/Walls/CityWalls13.prefab
CityWalls14,Buildings,무한,Assets/_DLNK/Neon City/[Prefabs]/City Builder/1_Premade/Essential/Decorative/Modules/Walls/CityWalls14.prefab
CityWalls15,Buildings,무한,Assets/_DLNK/Neon City/[Prefabs]/City Builder/1_Premade/Essential/Decorative/Modules/Walls/CityWalls15.prefab
CityWalls16,Buildings,무한,Assets/_DLNK/Neon City/[Prefabs]/City Builder/1_Premade/Essential/Decorative/Modules/Walls/CityWalls16.prefab
CityWalls17,Buildings,무한,Assets/_DLNK/Neon City/[Prefabs]/City Builder/1_Premade/Essential/Decorative/Modules/Walls/CityWalls17.prefab
CityWalls18,Buildings,무한,Assets/_DLNK/Neon City/[Prefabs]/City Builder/1_Premade/Essential/Decorative/Modules/Walls/CityWalls18.prefab
CityWalls19,Buildings,무한,Assets/_DLNK/Neon City/[Prefabs]/City Builder/1_Premade/Essential/Decorative/Modules/Walls/CityWalls19.prefab
CityWalls20,Buildings,무한,Assets/_DLNK/Neon City/[Prefabs]/City Builder/1_Premade/Essential/Decorative/Modules/Walls/CityWalls20.prefab
CityWalls21,Buildings,무한,Assets/_DLNK/Neon City/[Prefabs]/City Builder/1_Premade/Essential/Decorative/Modules/Walls/CityWalls21.prefab
CityWalls22,Buildings,무한,Assets/_DLNK/Neon City/[Prefabs]/City Builder/1_Premade/Essential/Decorative/Modules/Walls/CityWalls22.prefab
StreetBuilding00_10x10 Optimized,Buildings,무한,Assets/_DLNK/Neon City/[Prefabs]/City Builder/1_Premade/Essential/Decorative/Optimized/StreetBuilding00_10x10 Optimized.prefab
StreetBuilding01_20x10 Optimized,Buildings,무한,Assets/_DLNK/Neon City/[Prefabs]/City Builder/1_Premade/Essential/Decorative/Optimized/StreetBuilding01_20x10 Optimized.prefab
StreetBuilding02_10x10 Optimized,Buildings,무한,Assets/_DLNK/Neon City/[Prefabs]/City Builder/1_Premade/Essential/Decorative/Optimized/StreetBuilding02_10x10 Optimized.prefab
StreetBuilding03_10x10 Optimized,Buildings,무한,Assets/_DLNK/Neon City/[Prefabs]/City Builder/1_Premade/Essential/Decorative/Optimized/StreetBuilding03_10x10 Optimized.prefab
StreetBuilding04_20x10 Optimized,Buildings,무한,Assets/_DLNK/Neon City/[Prefabs]/City Builder/1_Premade/Essential/Decorative/Optimized/StreetBuilding04_20x10 Optimized.prefab
StreetBuilding05_15x10 Optimized,Buildings,무한,Assets/_DLNK/Neon City/[Prefabs]/City Builder/1_Premade/Essential/Decorative/Optimized/StreetBuilding05_15x10 Optimized.prefab
StreetBuilding06_32.5x12.5 Optimized,Buildings,무한,Assets/_DLNK/Neon City/[Prefabs]/City Builder/1_Premade/Essential/Decorative/Optimized/StreetBuilding06_32.5x12.5 Optimized.prefab
StreetBuilding07_5x10 Optimized,Buildings,무한,Assets/_DLNK/Neon City/[Prefabs]/City Builder/1_Premade/Essential/Decorative/Optimized/StreetBuilding07_5x10 Optimized.prefab
StreetBuilding_Rounded00 Optimized,Buildings,무한,Assets/_DLNK/Neon City/[Prefabs]/City Builder/1_Premade/Essential/Decorative/Optimized/StreetBuilding_Rounded00 Optimized.prefab
StreetBuilding_Rounded01 Optimized,Buildings,무한,Assets/_DLNK/Neon City/[Prefabs]/City Builder/1_Premade/Essential/Decorative/Optimized/StreetBuilding_Rounded01 Optimized.prefab
BuildingPlatform00,Buildings,무한,Assets/_DLNK/Neon City/[Prefabs]/City Builder/1_Premade/High City/Buildings/BuildingPlatform00.prefab
WallFake_Concrete00,Buildings,무한,Assets/_DLNK/Neon City/[Prefabs]/City Builder/1_Premade/High City/Decorative/Building Wall Fake/WallFake_Concrete00.prefab
WallFake_Concrete00b,Buildings,무한,Assets/_DLNK/Neon City/[Prefabs]/City Builder/1_Premade/High City/Decorative/Building Wall Fake/WallFake_Concrete00b.prefab
WallFake_Concrete00c,Buildings,무한,Assets/_DLNK/Neon City/[Prefabs]/City Builder/1_Premade/High City/Decorative/Building Wall Fake/WallFake_Concrete00c.prefab
WallFake_Concrete00d,Buildings,무한,Assets/_DLNK/Neon City/[Prefabs]/City Builder/1_Premade/High City/Decorative/Building Wall Fake/WallFake_Concrete00d.prefab
WallFake_Concrete01,Buildings,무한,Assets/_DLNK/Neon City/[Prefabs]/City Builder/1_Premade/High City/Decorative/Building Wall Fake/WallFake_Concrete01.prefab
WallFake_Concrete01b,Buildings,무한,Assets/_DLNK/Neon City/[Prefabs]/City Builder/1_Premade/High City/Decorative/Building Wall Fake/WallFake_Concrete01b.prefab
WallFake_Concrete01c,Buildings,무한,Assets/_DLNK/Neon City/[Prefabs]/City Builder/1_Premade/High City/Decorative/Building Wall Fake/WallFake_Concrete01c.prefab
WallFake_Concrete01d,Buildings,무한,Assets/_DLNK/Neon City/[Prefabs]/City Builder/1_Premade/High City/Decorative/Building Wall Fake/WallFake_Concrete01d.prefab
WallFake_Concrete02,Buildings,무한,Assets/_DLNK/Neon City/[Prefabs]/City Builder/1_Premade/High City/Decorative/Building Wall Fake/WallFake_Concrete02.prefab
WallFake_Concrete02b,Buildings,무한,Assets/_DLNK/Neon City/[Prefabs]/City Builder/1_Premade/High City/Decorative/Building Wall Fake/WallFake_Concrete02b.prefab
WallFake_Concrete03,Buildings,무한,Assets/_DLNK/Neon City/[Prefabs]/City Builder/1_Premade/High City/Decorative/Building Wall Fake/WallFake_Concrete03.prefab
WallFake_Concrete03b,Buildings,무한,Assets/_DLNK/Neon City/[Prefabs]/City Builder/1_Premade/High City/Decorative/Building Wall Fake/WallFake_Concrete03b.prefab
WallFake_Concrete04,Buildings,무한,Assets/_DLNK/Neon City/[Prefabs]/City Builder/1_Premade/High City/Decorative/Building Wall Fake/WallFake_Concrete04.prefab
WallFake_Concrete04b,Buildings,무한,Assets/_DLNK/Neon City/[Prefabs]/City Builder/1_Premade/High City/Decorative/Building Wall Fake/WallFake_Concrete04b.prefab
BuildingFake00,Buildings,무한,Assets/_DLNK/Neon City/[Prefabs]/City Builder/1_Premade/High City/Decorative/Buildings Deco/BuildingFake00.prefab
BuildingFake01,Buildings,무한,Assets/_DLNK/Neon City/[Prefabs]/City Builder/1_Premade/High City/Decorative/Buildings Deco/BuildingFake01.prefab
BuildingFake02,Buildings,무한,Assets/_DLNK/Neon City/[Prefabs]/City Builder/1_Premade/High City/Decorative/Buildings Deco/BuildingFake02.prefab
BuildingFake03,Buildings,무한,Assets/_DLNK/Neon City/[Prefabs]/City Builder/1_Premade/High City/Decorative/Buildings Deco/BuildingFake03.prefab
BuildingFake04,Buildings,무한,Assets/_DLNK/Neon City/[Prefabs]/City Builder/1_Premade/High City/Decorative/Buildings Deco/BuildingFake04.prefab
BuildingFake05,Buildings,무한,Assets/_DLNK/Neon City/[Prefabs]/City Builder/1_Premade/High City/Decorative/Buildings Deco/BuildingFake05.prefab
BuildingFake06,Buildings,무한,Assets/_DLNK/Neon City/[Prefabs]/City Builder/1_Premade/High City/Decorative/Buildings Deco/BuildingFake06.prefab
BuildingFake07,Buildings,무한,Assets/_DLNK/Neon City/[Prefabs]/City Builder/1_Premade/High City/Decorative/Buildings Deco/BuildingFake07.prefab
HighPlatform_BuildingArc00,Buildings,무한,Assets/_DLNK/Neon City/[Prefabs]/City Builder/1_Premade/High City/Decorative/Platform Deco/HighPlatform_BuildingArc00.prefab
HighPlatform_LargeBridge00,Buildings,무한,Assets/_DLNK/Neon City/[Prefabs]/City Builder/1_Premade/High City/Decorative/Platform Deco/HighPlatform_LargeBridge00.prefab
HighPlatform_LargeBridge01,Buildings,무한,Assets/_DLNK/Neon City/[Prefabs]/City Builder/1_Premade/High City/Decorative/Platform Deco/HighPlatform_LargeBridge01.prefab
HighPlatformBuilding00,Buildings,무한,Assets/_DLNK/Neon City/[Prefabs]/City Builder/1_Premade/High City/Decorative/Platform Deco/HighPlatformBuilding00.prefab
HighPlatformBuilding00b Variant,Buildings,무한,Assets/_DLNK/Neon City/[Prefabs]/City Builder/1_Premade/High City/Decorative/Platform Deco/HighPlatformBuilding00b Variant.prefab
HighPlatformBuilding01,Buildings,무한,Assets/_DLNK/Neon City/[Prefabs]/City Builder/1_Premade/High City/Decorative/Platform Deco/HighPlatformBuilding01.prefab
HighPlatformBuilding01b Variant,Buildings,무한,Assets/_DLNK/Neon City/[Prefabs]/City Builder/1_Premade/High City/Decorative/Platform Deco/HighPlatformBuilding01b Variant.prefab
HighPlatformBuilding02,Buildings,무한,Assets/_DLNK/Neon City/[Prefabs]/City Builder/1_Premade/High City/Decorative/Platform Deco/HighPlatformBuilding02.prefab
HighPlatformBuilding02b Variant,Buildings,무한,Assets/_DLNK/Neon City/[Prefabs]/City Builder/1_Premade/High City/Decorative/Platform Deco/HighPlatformBuilding02b Variant.prefab
HighPlatformBuilding03,Buildings,무한,Assets/_DLNK/Neon City/[Prefabs]/City Builder/1_Premade/High City/Decorative/Platform Deco/HighPlatformBuilding03.prefab
HighPlatformBuilding03b Variant,Buildings,무한,Assets/_DLNK/Neon City/[Prefabs]/City Builder/1_Premade/High City/Decorative/Platform Deco/HighPlatformBuilding03b Variant.prefab
HighPlatformBuilding04,Buildings,무한,Assets/_DLNK/Neon City/[Prefabs]/City Builder/1_Premade/High City/Decorative/Platform Deco/HighPlatformBuilding04.prefab
HighPlatformBuilding04b Variant,Buildings,무한,Assets/_DLNK/Neon City/[Prefabs]/City Builder/1_Premade/High City/Decorative/Platform Deco/HighPlatformBuilding04b Variant.prefab
HighPlatformBuilding05,Buildings,무한,Assets/_DLNK/Neon City/[Prefabs]/City Builder/1_Premade/High City/Decorative/Platform Deco/HighPlatformBuilding05.prefab
HighPlatformBuilding06,Buildings,무한,Assets/_DLNK/Neon City/[Prefabs]/City Builder/1_Premade/High City/Decorative/Platform Deco/HighPlatformBuilding06.prefab
PlatformBridge00_5x5,Buildings,무한,Assets/_DLNK/Neon City/[Prefabs]/City Builder/1_Premade/High City/Platform Floating/PlatformBridge00_5x5.prefab
PlatformBridgeCorner00,Buildings,무한,Assets/_DLNK/Neon City/[Prefabs]/City Builder/1_Premade/High City/Platform Floating/PlatformBridgeCorner00.prefab
PlatformBridgeEnd00,Buildings,무한,Assets/_DLNK/Neon City/[Prefabs]/City Builder/1_Premade/High City/Platform Floating/PlatformBridgeEnd00.prefab
PlatformCrossroads00,Buildings,무한,Assets/_DLNK/Neon City/[Prefabs]/City Builder/1_Premade/High City/Platform Floating/PlatformCrossroads00.prefab
PlatformCrossroads01,Buildings,무한,Assets/_DLNK/Neon City/[Prefabs]/City Builder/1_Premade/High City/Platform Floating/PlatformCrossroads01.prefab
PlatformIsland00,Buildings,무한,Assets/_DLNK/Neon City/[Prefabs]/City Builder/1_Premade/High City/Platform Floating/PlatformIsland00.prefab
PlatformIsland00b Variant,Buildings,무한,Assets/_DLNK/Neon City/[Prefabs]/City Builder/1_Premade/High City/Platform Floating/PlatformIsland00b Variant.prefab
PlatformIsland01,Buildings,무한,Assets/_DLNK/Neon City/[Prefabs]/City Builder/1_Premade/High City/Platform Floating/PlatformIsland01.prefab
PlatformIsland02,Buildings,무한,Assets/_DLNK/Neon City/[Prefabs]/City Builder/1_Premade/High City/Platform Floating/PlatformIsland02.prefab
PlatformIsland03,Buildings,무한,Assets/_DLNK/Neon City/[Prefabs]/City Builder/1_Premade/High City/Platform Floating/PlatformIsland03.prefab
PlatformIsland03b Variant,Buildings,무한,Assets/_DLNK/Neon City/[Prefabs]/City Builder/1_Premade/High City/Platform Floating/PlatformIsland03b Variant.prefab
PlatformIsland04,Buildings,무한,Assets/_DLNK/Neon City/[Prefabs]/City Builder/1_Premade/High City/Platform Floating/PlatformIsland04.prefab
PlatformIsland05,Buildings,무한,Assets/_DLNK/Neon City/[Prefabs]/City Builder/1_Premade/High City/Platform Floating/PlatformIsland05.prefab
PlatformIsland06,Buildings,무한,Assets/_DLNK/Neon City/[Prefabs]/City Builder/1_Premade/High City/Platform Floating/PlatformIsland06.prefab
PlatformIsland07,Buildings,무한,Assets/_DLNK/Neon City/[Prefabs]/City Builder/1_Premade/High City/Platform Floating/PlatformIsland07.prefab
PlatformIsland08,Buildings,무한,Assets/_DLNK/Neon City/[Prefabs]/City Builder/1_Premade/High City/Platform Floating/PlatformIsland08.prefab
PlatformPeninsula00,Buildings,무한,Assets/_DLNK/Neon City/[Prefabs]/City Builder/1_Premade/High City/Platform Floating/PlatformPeninsula00.prefab
PlatformPeninsula01,Buildings,무한,Assets/_DLNK/Neon City/[Prefabs]/City Builder/1_Premade/High City/Platform Floating/PlatformPeninsula01.prefab
PlatformPeninsula02,Buildings,무한,Assets/_DLNK/Neon City/[Prefabs]/City Builder/1_Premade/High City/Platform Floating/PlatformPeninsula02.prefab
PlatformPeninsula03,Buildings,무한,Assets/_DLNK/Neon City/[Prefabs]/City Builder/1_Premade/High City/Platform Floating/PlatformPeninsula03.prefab
PlatformPeninsula03b,Buildings,무한,Assets/_DLNK/Neon City/[Prefabs]/City Builder/1_Premade/High City/Platform Floating/PlatformPeninsula03b.prefab
PlatformPeninsula03c,Buildings,무한,Assets/_DLNK/Neon City/[Prefabs]/City Builder/1_Premade/High City/Platform Floating/PlatformPeninsula03c.prefab
PlatformPeninsula04,Buildings,무한,Assets/_DLNK/Neon City/[Prefabs]/City Builder/1_Premade/High City/Platform Floating/PlatformPeninsula04.prefab
PlatformPeninsula04b,Buildings,무한,Assets/_DLNK/Neon City/[Prefabs]/City Builder/1_Premade/High City/Platform Floating/PlatformPeninsula04b.prefab
PlatformPeninsula05,Buildings,무한,Assets/_DLNK/Neon City/[Prefabs]/City Builder/1_Premade/High City/Platform Floating/PlatformPeninsula05.prefab
PlatformPeninsula06,Buildings,무한,Assets/_DLNK/Neon City/[Prefabs]/City Builder/1_Premade/High City/Platform Floating/PlatformPeninsula06.prefab
PlatformPeninsula07,Buildings,무한,Assets/_DLNK/Neon City/[Prefabs]/City Builder/1_Premade/High City/Platform Floating/PlatformPeninsula07.prefab
PlatformStairs00,Buildings,무한,Assets/_DLNK/Neon City/[Prefabs]/City Builder/1_Premade/High City/Platform Floating/PlatformStairs00.prefab
PlatformStairs01,Buildings,무한,Assets/_DLNK/Neon City/[Prefabs]/City Builder/1_Premade/High City/Platform Floating/PlatformStairs01.prefab
PlatformStairs01b,Buildings,무한,Assets/_DLNK/Neon City/[Prefabs]/City Builder/1_Premade/High City/Platform Floating/PlatformStairs01b.prefab
PlatformStairs02,Buildings,무한,Assets/_DLNK/Neon City/[Prefabs]/City Builder/1_Premade/High City/Platform Floating/PlatformStairs02.prefab
PlatformStairs03,Buildings,무한,Assets/_DLNK/Neon City/[Prefabs]/City Builder/1_Premade/High City/Platform Floating/PlatformStairs03.prefab
HighPlatform_Addon00,Buildings,무한,Assets/_DLNK/Neon City/[Prefabs]/City Builder/1_Premade/High City/Platform High/HighPlatform_Addon00.prefab
HighPlatform_Addon01,Buildings,무한,Assets/_DLNK/Neon City/[Prefabs]/City Builder/1_Premade/High City/Platform High/HighPlatform_Addon01.prefab
HighPlatform_Addon02,Buildings,무한,Assets/_DLNK/Neon City/[Prefabs]/City Builder/1_Premade/High City/Platform High/HighPlatform_Addon02.prefab
HighPlatform_Addon03,Buildings,무한,Assets/_DLNK/Neon City/[Prefabs]/City Builder/1_Premade/High City/Platform High/HighPlatform_Addon03.prefab
HighPlatform_Addon04,Buildings,무한,Assets/_DLNK/Neon City/[Prefabs]/City Builder/1_Premade/High City/Platform High/HighPlatform_Addon04.prefab
HighPlatform_BuildingArc00,Buildings,무한,Assets/_DLNK/Neon City/[Prefabs]/City Builder/1_Premade/High City/Platform High/HighPlatform_BuildingArc00.prefab
HighPlatform_Connection00,Buildings,무한,Assets/_DLNK/Neon City/[Prefabs]/City Builder/1_Premade/High City/Platform High/HighPlatform_Connection00.prefab
HighPlatform_Crossroads00_10x10,Buildings,무한,Assets/_DLNK/Neon City/[Prefabs]/City Builder/1_Premade/High City/Platform High/HighPlatform_Crossroads00_10x10.prefab
HighPlatform_Crossroads01,Buildings,무한,Assets/_DLNK/Neon City/[Prefabs]/City Builder/1_Premade/High City/Platform High/HighPlatform_Crossroads01.prefab
HighPlatform_Gangway00_5x5,Buildings,무한,Assets/_DLNK/Neon City/[Prefabs]/City Builder/1_Premade/High City/Platform High/HighPlatform_Gangway00_5x5.prefab
HighPlatform_Gangway01_5x15,Buildings,무한,Assets/_DLNK/Neon City/[Prefabs]/City Builder/1_Premade/High City/Platform High/HighPlatform_Gangway01_5x15.prefab
HighPlatform_GangwayArc00_5x5,Buildings,무한,Assets/_DLNK/Neon City/[Prefabs]/City Builder/1_Premade/High City/Platform High/HighPlatform_GangwayArc00_5x5.prefab
HighPlatform_GangwayArc01_5x5,Buildings,무한,Assets/_DLNK/Neon City/[Prefabs]/City Builder/1_Premade/High City/Platform High/HighPlatform_GangwayArc01_5x5.prefab
HighPlatform_GangwayArc02_5x5,Buildings,무한,Assets/_DLNK/Neon City/[Prefabs]/City Builder/1_Premade/High City/Platform High/HighPlatform_GangwayArc02_5x5.prefab
HighPlatform_GangwayEnd00,Buildings,무한,Assets/_DLNK/Neon City/[Prefabs]/City Builder/1_Premade/High City/Platform High/HighPlatform_GangwayEnd00.prefab
HighPlatform_Island00,Buildings,무한,Assets/_DLNK/Neon City/[Prefabs]/City Builder/1_Premade/High City/Platform High/HighPlatform_Island00.prefab
HighPlatform_Island01,Buildings,무한,Assets/_DLNK/Neon City/[Prefabs]/City Builder/1_Premade/High City/Platform High/HighPlatform_Island01.prefab
HighPlatform_IslandIsolated00,Buildings,무한,Assets/_DLNK/Neon City/[Prefabs]/City Builder/1_Premade/High City/Platform High/HighPlatform_IslandIsolated00.prefab
HighPlatform_Peninsula00,Buildings,무한,Assets/_DLNK/Neon City/[Prefabs]/City Builder/1_Premade/High City/Platform High/HighPlatform_Peninsula00.prefab
HighPlatform_Peninsula01,Buildings,무한,Assets/_DLNK/Neon City/[Prefabs]/City Builder/1_Premade/High City/Platform High/HighPlatform_Peninsula01.prefab
HighPlatform_Peninsula02,Buildings,무한,Assets/_DLNK/Neon City/[Prefabs]/City Builder/1_Premade/High City/Platform High/HighPlatform_Peninsula02.prefab
HighPlatform_Peninsula03,Buildings,무한,Assets/_DLNK/Neon City/[Prefabs]/City Builder/1_Premade/High City/Platform High/HighPlatform_Peninsula03.prefab
HighPlatform_Peninula04,Buildings,무한,Assets/_DLNK/Neon City/[Prefabs]/City Builder/1_Premade/High City/Platform High/HighPlatform_Peninula04.prefab
HighPlatform_Stairs00,Buildings,무한,Assets/_DLNK/Neon City/[Prefabs]/City Builder/1_Premade/High City/Platform High/HighPlatform_Stairs00.prefab
HighPlatform_Stairs01,Buildings,무한,Assets/_DLNK/Neon City/[Prefabs]/City Builder/1_Premade/High City/Platform High/HighPlatform_Stairs01.prefab
HighPlatform_Stairs02,Buildings,무한,Assets/_DLNK/Neon City/[Prefabs]/City Builder/1_Premade/High City/Platform High/HighPlatform_Stairs02.prefab
PlatformWay00,Buildings,무한,Assets/_DLNK/Neon City/[Prefabs]/City Builder/1_Premade/High City/Platform Street/PlatformWay Premade/PlatformWay00.prefab
PlatformWay01,Buildings,무한,Assets/_DLNK/Neon City/[Prefabs]/City Builder/1_Premade/High City/Platform Street/PlatformWay Premade/PlatformWay01.prefab
PlatformWay01b,Buildings,무한,Assets/_DLNK/Neon City/[Prefabs]/City Builder/1_Premade/High City/Platform Street/PlatformWay Premade/PlatformWay01b.prefab
PlatformWay02,Buildings,무한,Assets/_DLNK/Neon City/[Prefabs]/City Builder/1_Premade/High City/Platform Street/PlatformWay Premade/PlatformWay02.prefab
PlatformWay03,Buildings,무한,Assets/_DLNK/Neon City/[Prefabs]/City Builder/1_Premade/High City/Platform Street/PlatformWay Premade/PlatformWay03.prefab
PlatformWay04,Buildings,무한,Assets/_DLNK/Neon City/[Prefabs]/City Builder/1_Premade/High City/Platform Street/PlatformWay Premade/PlatformWay04.prefab
PlatformWay05,Buildings,무한,Assets/_DLNK/Neon City/[Prefabs]/City Builder/1_Premade/High City/Platform Street/PlatformWay Premade/PlatformWay05.prefab
StreetPlatform00,Buildings,무한,Assets/_DLNK/Neon City/[Prefabs]/City Builder/1_Premade/High City/Platform Street/Street Premade/StreetPlatform00.prefab
StreetPlatform00b,Buildings,무한,Assets/_DLNK/Neon City/[Prefabs]/City Builder/1_Premade/High City/Platform Street/Street Premade/StreetPlatform00b.prefab
StreetPlatform01,Buildings,무한,Assets/_DLNK/Neon City/[Prefabs]/City Builder/1_Premade/High City/Platform Street/Street Premade/StreetPlatform01.prefab
StreetPlatform01b,Buildings,무한,Assets/_DLNK/Neon City/[Prefabs]/City Builder/1_Premade/High City/Platform Street/Street Premade/StreetPlatform01b.prefab
StreetPlatform02,Buildings,무한,Assets/_DLNK/Neon City/[Prefabs]/City Builder/1_Premade/High City/Platform Street/Street Premade/StreetPlatform02.prefab
StreetPlatform02b,Buildings,무한,Assets/_DLNK/Neon City/[Prefabs]/City Builder/1_Premade/High City/Platform Street/Street Premade/StreetPlatform02b.prefab
StreetPlatform03,Buildings,무한,Assets/_DLNK/Neon City/[Prefabs]/City Builder/1_Premade/High City/Platform Street/Street Premade/StreetPlatform03.prefab
StreetPlatform03b,Buildings,무한,Assets/_DLNK/Neon City/[Prefabs]/City Builder/1_Premade/High City/Platform Street/Street Premade/StreetPlatform03b.prefab
StreetPlatform04,Buildings,무한,Assets/_DLNK/Neon City/[Prefabs]/City Builder/1_Premade/High City/Platform Street/Street Premade/StreetPlatform04.prefab
StreetPlatform04b,Buildings,무한,Assets/_DLNK/Neon City/[Prefabs]/City Builder/1_Premade/High City/Platform Street/Street Premade/StreetPlatform04b.prefab
StreetPlatform05,Buildings,무한,Assets/_DLNK/Neon City/[Prefabs]/City Builder/1_Premade/High City/Platform Street/Street Premade/StreetPlatform05.prefab
StreetPlatform05b,Buildings,무한,Assets/_DLNK/Neon City/[Prefabs]/City Builder/1_Premade/High City/Platform Street/Street Premade/StreetPlatform05b.prefab
StreetPlatform06,Buildings,무한,Assets/_DLNK/Neon City/[Prefabs]/City Builder/1_Premade/High City/Platform Street/Street Premade/StreetPlatform06.prefab
StreetPlatform06b,Buildings,무한,Assets/_DLNK/Neon City/[Prefabs]/City Builder/1_Premade/High City/Platform Street/Street Premade/StreetPlatform06b.prefab
StreetPlatform07,Buildings,무한,Assets/_DLNK/Neon City/[Prefabs]/City Builder/1_Premade/High City/Platform Street/Street Premade/StreetPlatform07.prefab
StreetPlatform07b,Buildings,무한,Assets/_DLNK/Neon City/[Prefabs]/City Builder/1_Premade/High City/Platform Street/Street Premade/StreetPlatform07b.prefab
StreetPlatform7c,Buildings,무한,Assets/_DLNK/Neon City/[Prefabs]/City Builder/1_Premade/High City/Platform Street/Street Premade/StreetPlatform7c.prefab
StreetPlatform08,Buildings,무한,Assets/_DLNK/Neon City/[Prefabs]/City Builder/1_Premade/High City/Platform Street/Street Premade/StreetPlatform08.prefab
StreetPlatform08b,Buildings,무한,Assets/_DLNK/Neon City/[Prefabs]/City Builder/1_Premade/High City/Platform Street/Street Premade/StreetPlatform08b.prefab
StreetPlatform09,Buildings,무한,Assets/_DLNK/Neon City/[Prefabs]/City Builder/1_Premade/High City/Platform Street/Street Premade/StreetPlatform09.prefab
StreetPlatform09b,Buildings,무한,Assets/_DLNK/Neon City/[Prefabs]/City Builder/1_Premade/High City/Platform Street/Street Premade/StreetPlatform09b.prefab
StreetPlatform10,Buildings,무한,Assets/_DLNK/Neon City/[Prefabs]/City Builder/1_Premade/High City/Platform Street/Street Premade/StreetPlatform10.prefab
StreetPlatform10b,Buildings,무한,Assets/_DLNK/Neon City/[Prefabs]/City Builder/1_Premade/High City/Platform Street/Street Premade/StreetPlatform10b.prefab
StreetPlatform11,Buildings,무한,Assets/_DLNK/Neon City/[Prefabs]/City Builder/1_Premade/High City/Platform Street/Street Premade/StreetPlatform11.prefab
StreetPlatform12,Buildings,무한,Assets/_DLNK/Neon City/[Prefabs]/City Builder/1_Premade/High City/Platform Street/Street Premade/StreetPlatform12.prefab
StreetPlatform13,Buildings,무한,Assets/_DLNK/Neon City/[Prefabs]/City Builder/1_Premade/High City/Platform Street/Street Premade/StreetPlatform13.prefab
StreetPlatform13b,Buildings,무한,Assets/_DLNK/Neon City/[Prefabs]/City Builder/1_Premade/High City/Platform Street/Street Premade/StreetPlatform13b.prefab
StreetPlatform13c,Buildings,무한,Assets/_DLNK/Neon City/[Prefabs]/City Builder/1_Premade/High City/Platform Street/Street Premade/StreetPlatform13c.prefab
StreetPlatform13d,Buildings,무한,Assets/_DLNK/Neon City/[Prefabs]/City Builder/1_Premade/High City/Platform Street/Street Premade/StreetPlatform13d.prefab
StreetPlatform14,Buildings,무한,Assets/_DLNK/Neon City/[Prefabs]/City Builder/1_Premade/High City/Platform Street/Street Premade/StreetPlatform14.prefab
StreetPlatform16,Buildings,무한,Assets/_DLNK/Neon City/[Prefabs]/City Builder/1_Premade/High City/Platform Street/Street Premade/StreetPlatform16.prefab
StreetPlatform17,Buildings,무한,Assets/_DLNK/Neon City/[Prefabs]/City Builder/1_Premade/High City/Platform Street/Street Premade/StreetPlatform17.prefab
StreetPlatform18,Buildings,무한,Assets/_DLNK/Neon City/[Prefabs]/City Builder/1_Premade/High City/Platform Street/Street Premade/StreetPlatform18.prefab
StreetPlatform18b,Buildings,무한,Assets/_DLNK/Neon City/[Prefabs]/City Builder/1_Premade/High City/Platform Street/Street Premade/StreetPlatform18b.prefab
StreetPlatform19,Buildings,무한,Assets/_DLNK/Neon City/[Prefabs]/City Builder/1_Premade/High City/Platform Street/Street Premade/StreetPlatform19.prefab
StreetPlatform19b,Buildings,무한,Assets/_DLNK/Neon City/[Prefabs]/City Builder/1_Premade/High City/Platform Street/Street Premade/StreetPlatform19b.prefab
StreetPlatform20,Buildings,무한,Assets/_DLNK/Neon City/[Prefabs]/City Builder/1_Premade/High City/Platform Street/Street Premade/StreetPlatform20.prefab
StreetPlatform21,Buildings,무한,Assets/_DLNK/Neon City/[Prefabs]/City Builder/1_Premade/High City/Platform Street/Street Premade/StreetPlatform21.prefab
StreetPlatformBridge00,Buildings,무한,Assets/_DLNK/Neon City/[Prefabs]/City Builder/1_Premade/High City/Platform Street/StreetBridge Premade/StreetPlatformBridge00.prefab
StreetPlatformBridge01,Buildings,무한,Assets/_DLNK/Neon City/[Prefabs]/City Builder/1_Premade/High City/Platform Street/StreetBridge Premade/StreetPlatformBridge01.prefab
StreetPlatformBridge02,Buildings,무한,Assets/_DLNK/Neon City/[Prefabs]/City Builder/1_Premade/High City/Platform Street/StreetBridge Premade/StreetPlatformBridge02.prefab
StreetPlatformBridge03,Buildings,무한,Assets/_DLNK/Neon City/[Prefabs]/City Builder/1_Premade/High City/Platform Street/StreetBridge Premade/StreetPlatformBridge03.prefab
StreetPlatformBridge04,Buildings,무한,Assets/_DLNK/Neon City/[Prefabs]/City Builder/1_Premade/High City/Platform Street/StreetBridge Premade/StreetPlatformBridge04.prefab
StreetRoad00 Variant,Buildings,무한,Assets/_DLNK/Neon City/[Prefabs]/City Builder/1_Premade/High City/Platform Street/Streets/StreetRoad00 Variant.prefab
StreetRoad01 Variant,Buildings,무한,Assets/_DLNK/Neon City/[Prefabs]/City Builder/1_Premade/High City/Platform Street/Streets/StreetRoad01 Variant.prefab
StreetRoad02 Variant,Buildings,무한,Assets/_DLNK/Neon City/[Prefabs]/City Builder/1_Premade/High City/Platform Street/Streets/StreetRoad02 Variant.prefab
StreetRoad03 Variant,Buildings,무한,Assets/_DLNK/Neon City/[Prefabs]/City Builder/1_Premade/High City/Platform Street/Streets/StreetRoad03 Variant.prefab
StreetRoad05 Variant,Buildings,무한,Assets/_DLNK/Neon City/[Prefabs]/City Builder/1_Premade/High City/Platform Street/Streets/StreetRoad05 Variant.prefab
UnderWall00,Buildings,무한,Assets/_DLNK/Neon City/[Prefabs]/City Builder/1_Premade/High City/Platform Street/UnderWall/UnderWall00.prefab
UnderWall00b,Buildings,무한,Assets/_DLNK/Neon City/[Prefabs]/City Builder/1_Premade/High City/Platform Street/UnderWall/UnderWall00b.prefab
UnderWall00c,Buildings,무한,Assets/_DLNK/Neon City/[Prefabs]/City Builder/1_Premade/High City/Platform Street/UnderWall/UnderWall00c.prefab
UnderWall00d,Buildings,무한,Assets/_DLNK/Neon City/[Prefabs]/City Builder/1_Premade/High City/Platform Street/UnderWall/UnderWall00d.prefab
UnderWall00e,Buildings,무한,Assets/_DLNK/Neon City/[Prefabs]/City Builder/1_Premade/High City/Platform Street/UnderWall/UnderWall00e.prefab
UnderWall00f,Buildings,무한,Assets/_DLNK/Neon City/[Prefabs]/City Builder/1_Premade/High City/Platform Street/UnderWall/UnderWall00f.prefab
UnderWall01,Buildings,무한,Assets/_DLNK/Neon City/[Prefabs]/City Builder/1_Premade/High City/Platform Street/UnderWall/UnderWall01.prefab
UnderWall01b,Buildings,무한,Assets/_DLNK/Neon City/[Prefabs]/City Builder/1_Premade/High City/Platform Street/UnderWall/UnderWall01b.prefab
UnderWall02,Buildings,무한,Assets/_DLNK/Neon City/[Prefabs]/City Builder/1_Premade/High City/Platform Street/UnderWall/UnderWall02.prefab
UnderWall02b,Buildings,무한,Assets/_DLNK/Neon City/[Prefabs]/City Builder/1_Premade/High City/Platform Street/UnderWall/UnderWall02b.prefab
UnderWall03,Buildings,무한,Assets/_DLNK/Neon City/[Prefabs]/City Builder/1_Premade/High City/Platform Street/UnderWall/UnderWall03.prefab
UnderWall04,Buildings,무한,Assets/_DLNK/Neon City/[Prefabs]/City Builder/1_Premade/High City/Platform Street/UnderWall/UnderWall04.prefab
UnderWall05,Buildings,무한,Assets/_DLNK/Neon City/[Prefabs]/City Builder/1_Premade/High City/Platform Street/UnderWall/UnderWall05.prefab
UnderWall06,Buildings,무한,Assets/_DLNK/Neon City/[Prefabs]/City Builder/1_Premade/High City/Platform Street/UnderWall/UnderWall06.prefab
UnderWall07,Buildings,무한,Assets/_DLNK/Neon City/[Prefabs]/City Builder/1_Premade/High City/Platform Street/UnderWall/UnderWall07.prefab
UnderWall07b,Buildings,무한,Assets/_DLNK/Neon City/[Prefabs]/City Builder/1_Premade/High City/Platform Street/UnderWall/UnderWall07b.prefab
UnderWall08,Buildings,무한,Assets/_DLNK/Neon City/[Prefabs]/City Builder/1_Premade/High City/Platform Street/UnderWall/UnderWall08.prefab
UperWall00,Buildings,무한,Assets/_DLNK/Neon City/[Prefabs]/City Builder/1_Premade/High City/Platform Street/UpperWall/UperWall00.prefab
UperWall00b,Buildings,무한,Assets/_DLNK/Neon City/[Prefabs]/City Builder/1_Premade/High City/Platform Street/UpperWall/UperWall00b.prefab
UperWall00c,Buildings,무한,Assets/_DLNK/Neon City/[Prefabs]/City Builder/1_Premade/High City/Platform Street/UpperWall/UperWall00c.prefab
UperWall00d,Buildings,무한,Assets/_DLNK/Neon City/[Prefabs]/City Builder/1_Premade/High City/Platform Street/UpperWall/UperWall00d.prefab
UperWall00e,Buildings,무한,Assets/_DLNK/Neon City/[Prefabs]/City Builder/1_Premade/High City/Platform Street/UpperWall/UperWall00e.prefab
UperWall00f,Buildings,무한,Assets/_DLNK/Neon City/[Prefabs]/City Builder/1_Premade/High City/Platform Street/UpperWall/UperWall00f.prefab
UperWall00g,Buildings,무한,Assets/_DLNK/Neon City/[Prefabs]/City Builder/1_Premade/High City/Platform Street/UpperWall/UperWall00g.prefab
UperWall01,Buildings,무한,Assets/_DLNK/Neon City/[Prefabs]/City Builder/1_Premade/High City/Platform Street/UpperWall/UperWall01.prefab
UperWall01b,Buildings,무한,Assets/_DLNK/Neon City/[Prefabs]/City Builder/1_Premade/High City/Platform Street/UpperWall/UperWall01b.prefab
UperWall02,Buildings,무한,Assets/_DLNK/Neon City/[Prefabs]/City Builder/1_Premade/High City/Platform Street/UpperWall/UperWall02.prefab
UperWall03,Buildings,무한,Assets/_DLNK/Neon City/[Prefabs]/City Builder/1_Premade/High City/Platform Street/UpperWall/UperWall03.prefab
UperWall03b,Buildings,무한,Assets/_DLNK/Neon City/[Prefabs]/City Builder/1_Premade/High City/Platform Street/UpperWall/UperWall03b.prefab
UperWall04,Buildings,무한,Assets/_DLNK/Neon City/[Prefabs]/City Builder/1_Premade/High City/Platform Street/UpperWall/UperWall04.prefab
UperWall04b,Buildings,무한,Assets/_DLNK/Neon City/[Prefabs]/City Builder/1_Premade/High City/Platform Street/UpperWall/UperWall04b.prefab
UperWall05,Buildings,무한,Assets/_DLNK/Neon City/[Prefabs]/City Builder/1_Premade/High City/Platform Street/UpperWall/UperWall05.prefab
UperWall06,Buildings,무한,Assets/_DLNK/Neon City/[Prefabs]/City Builder/1_Premade/High City/Platform Street/UpperWall/UperWall06.prefab
UperWall06b,Buildings,무한,Assets/_DLNK/Neon City/[Prefabs]/City Builder/1_Premade/High City/Platform Street/UpperWall/UperWall06b.prefab
UperWall06c Variant,Buildings,무한,Assets/_DLNK/Neon City/[Prefabs]/City Builder/1_Premade/High City/Platform Street/UpperWall/UperWall06c Variant.prefab
UperWall06c2 Variant,Buildings,무한,Assets/_DLNK/Neon City/[Prefabs]/City Builder/1_Premade/High City/Platform Street/UpperWall/UperWall06c2 Variant.prefab
UperWall07,Buildings,무한,Assets/_DLNK/Neon City/[Prefabs]/City Builder/1_Premade/High City/Platform Street/UpperWall/UperWall07.prefab
UperWall07b,Buildings,무한,Assets/_DLNK/Neon City/[Prefabs]/City Builder/1_Premade/High City/Platform Street/UpperWall/UperWall07b.prefab
UperWall08,Buildings,무한,Assets/_DLNK/Neon City/[Prefabs]/City Builder/1_Premade/High City/Platform Street/UpperWall/UperWall08.prefab
UperWall08b,Buildings,무한,Assets/_DLNK/Neon City/[Prefabs]/City Builder/1_Premade/High City/Platform Street/UpperWall/UperWall08b.prefab
UperWall09,Buildings,무한,Assets/_DLNK/Neon City/[Prefabs]/City Builder/1_Premade/High City/Platform Street/UpperWall/UperWall09.prefab
UperWall09b,Buildings,무한,Assets/_DLNK/Neon City/[Prefabs]/City Builder/1_Premade/High City/Platform Street/UpperWall/UperWall09b.prefab
BasicBalcony00,Buildings,무한,Assets/_DLNK/Neon City/[Prefabs]/City Builder/2_Deco/Building Deco/Balcony/BasicBalcony00.prefab
FloorBridge00,Buildings,무한,Assets/_DLNK/Neon City/[Prefabs]/City Builder/2_Deco/Building Deco/Bridges/FloorBridge00.prefab
FloorBridgeExtraSmall00,Buildings,무한,Assets/_DLNK/Neon City/[Prefabs]/City Builder/2_Deco/Building Deco/Bridges/FloorBridgeExtraSmall00.prefab
FloorBridgeSmall00,Buildings,무한,Assets/_DLNK/Neon City/[Prefabs]/City Builder/2_Deco/Building Deco/Bridges/FloorBridgeSmall00.prefab
PassageConcrete00,Buildings,무한,Assets/_DLNK/Neon City/[Prefabs]/City Builder/2_Deco/Building Deco/Bridges/PassageConcrete00.prefab
CapHole00,Buildings,무한,Assets/_DLNK/Neon City/[Prefabs]/City Builder/2_Deco/Building Deco/CapGrille/CapHole00.prefab
CapHole01,Buildings,무한,Assets/_DLNK/Neon City/[Prefabs]/City Builder/2_Deco/Building Deco/CapGrille/CapHole01.prefab
Coolbox00,Buildings,무한,Assets/_DLNK/Neon City/[Prefabs]/City Builder/2_Deco/Building Deco/CoolingBox/Coolbox00.prefab
Coolbox00_00 Variant,Buildings,무한,Assets/_DLNK/Neon City/[Prefabs]/City Builder/2_Deco/Building Deco/CoolingBox/Coolbox00_00 Variant.prefab
Coolbox00_01 Variant,Buildings,무한,Assets/_DLNK/Neon City/[Prefabs]/City Builder/2_Deco/Building Deco/CoolingBox/Coolbox00_01 Variant.prefab
Coolbox00b,Buildings,무한,Assets/_DLNK/Neon City/[Prefabs]/City Builder/2_Deco/Building Deco/CoolingBox/Coolbox00b.prefab
Coolbox00c,Buildings,무한,Assets/_DLNK/Neon City/[Prefabs]/City Builder/2_Deco/Building Deco/CoolingBox/Coolbox00c.prefab
Coolbox01,Buildings,무한,Assets/_DLNK/Neon City/[Prefabs]/City Builder/2_Deco/Building Deco/CoolingBox/Coolbox01.prefab
Coolbox01b,Buildings,무한,Assets/_DLNK/Neon City/[Prefabs]/City Builder/2_Deco/Building Deco/CoolingBox/Coolbox01b.prefab
Coolbox01c,Buildings,무한,Assets/_DLNK/Neon City/[Prefabs]/City Builder/2_Deco/Building Deco/CoolingBox/Coolbox01c.prefab
Coolbox01d Variant,Buildings,무한,Assets/_DLNK/Neon City/[Prefabs]/City Builder/2_Deco/Building Deco/CoolingBox/Coolbox01d Variant.prefab
Coolbox01e Variant,Buildings,무한,Assets/_DLNK/Neon City/[Prefabs]/City Builder/2_Deco/Building Deco/CoolingBox/Coolbox01e Variant.prefab
TubeFlexible00,Buildings,무한,Assets/_DLNK/Neon City/[Prefabs]/City Builder/2_Deco/Building Deco/CoolingBox/TubeFlexible00.prefab
TubeFlexible001,Buildings,무한,Assets/_DLNK/Neon City/[Prefabs]/City Builder/2_Deco/Building Deco/CoolingBox/TubeFlexible001.prefab
Door00_small,Buildings,무한,Assets/_DLNK/Neon City/[Prefabs]/City Builder/2_Deco/Building Deco/Doors/Door00_small.prefab
Door01,Buildings,무한,Assets/_DLNK/Neon City/[Prefabs]/City Builder/2_Deco/Building Deco/Doors/Door01.prefab
Door01b,Buildings,무한,Assets/_DLNK/Neon City/[Prefabs]/City Builder/2_Deco/Building Deco/Doors/Door01b.prefab
Door01c,Buildings,무한,Assets/_DLNK/Neon City/[Prefabs]/City Builder/2_Deco/Building Deco/Doors/Door01c.prefab
Door01d,Buildings,무한,Assets/_DLNK/Neon City/[Prefabs]/City Builder/2_Deco/Building Deco/Doors/Door01d.prefab
Door01e,Buildings,무한,Assets/_DLNK/Neon City/[Prefabs]/City Builder/2_Deco/Building Deco/Doors/Door01e.prefab
Door01f,Buildings,무한,Assets/_DLNK/Neon City/[Prefabs]/City Builder/2_Deco/Building Deco/Doors/Door01f.prefab
GateLarge00 Variant,Buildings,무한,Assets/_DLNK/Neon City/[Prefabs]/City Builder/2_Deco/Building Deco/Doors/GateLarge00 Variant.prefab
GateLarge00b Variant,Buildings,무한,Assets/_DLNK/Neon City/[Prefabs]/City Builder/2_Deco/Building Deco/Doors/GateLarge00b Variant.prefab
ThinDoor 00,Buildings,무한,Assets/_DLNK/Neon City/[Prefabs]/City Builder/2_Deco/Building Deco/Doors/ThinDoor 00.prefab
Elevator00,Buildings,무한,Assets/_DLNK/Neon City/[Prefabs]/City Builder/2_Deco/Building Deco/Elevator/Elevator00.prefab
Elevator01,Buildings,무한,Assets/_DLNK/Neon City/[Prefabs]/City Builder/2_Deco/Building Deco/Elevator/Elevator01.prefab
Elevator02,Buildings,무한,Assets/_DLNK/Neon City/[Prefabs]/City Builder/2_Deco/Building Deco/Elevator/Elevator02.prefab
FenceCrystal_Border00_1,Buildings,무한,Assets/_DLNK/Neon City/[Prefabs]/City Builder/2_Deco/Building Deco/Fence/Crystal Border/FenceCrystal_Border00_1.prefab
FenceCrystal_Border00_1Corner,Buildings,무한,Assets/_DLNK/Neon City/[Prefabs]/City Builder/2_Deco/Building Deco/Fence/Crystal Border/FenceCrystal_Border00_1Corner.prefab
FenceCrystal_Border00_2.5,Buildings,무한,Assets/_DLNK/Neon City/[Prefabs]/City Builder/2_Deco/Building Deco/Fence/Crystal Border/FenceCrystal_Border00_2.5.prefab
FenceCrystal_Border00_2.5Corner,Buildings,무한,Assets/_DLNK/Neon City/[Prefabs]/City Builder/2_Deco/Building Deco/Fence/Crystal Border/FenceCrystal_Border00_2.5Corner.prefab
FenceCrystal_Border00_2.5HardCorner,Buildings,무한,Assets/_DLNK/Neon City/[Prefabs]/City Builder/2_Deco/Building Deco/Fence/Crystal Border/FenceCrystal_Border00_2.5HardCorner.prefab
FenceCrystal_Border00_2.5HardCorner2,Buildings,무한,Assets/_DLNK/Neon City/[Prefabs]/City Builder/2_Deco/Building Deco/Fence/Crystal Border/FenceCrystal_Border00_2.5HardCorner2.prefab
FenceCrystal_Border00_2.5InteriorCorner,Buildings,무한,Assets/_DLNK/Neon City/[Prefabs]/City Builder/2_Deco/Building Deco/Fence/Crystal Border/FenceCrystal_Border00_2.5InteriorCorner.prefab
FenceCrystal_Border00_5,Buildings,무한,Assets/_DLNK/Neon City/[Prefabs]/City Builder/2_Deco/Building Deco/Fence/Crystal Border/FenceCrystal_Border00_5.prefab
FenceCrystal_Border00_5Corner,Buildings,무한,Assets/_DLNK/Neon City/[Prefabs]/City Builder/2_Deco/Building Deco/Fence/Crystal Border/FenceCrystal_Border00_5Corner.prefab
FenceCrystal_Border00_5InteriorCorner,Buildings,무한,Assets/_DLNK/Neon City/[Prefabs]/City Builder/2_Deco/Building Deco/Fence/Crystal Border/FenceCrystal_Border00_5InteriorCorner.prefab
FenceCrystal_Border00_5InteriorCornerb,Buildings,무한,Assets/_DLNK/Neon City/[Prefabs]/City Builder/2_Deco/Building Deco/Fence/Crystal Border/FenceCrystal_Border00_5InteriorCornerb.prefab
FenceCrystalPillar00 Variant,Buildings,무한,Assets/_DLNK/Neon City/[Prefabs]/City Builder/2_Deco/Building Deco/Fence/Crystal Border/FenceCrystalPillar00 Variant.prefab
FenceElegant00_1x1Corner,Buildings,무한,Assets/_DLNK/Neon City/[Prefabs]/City Builder/2_Deco/Building Deco/Fence/Elegant/FenceElegant00_1x1Corner.prefab
FenceElegant00_2.5x2,Buildings,무한,Assets/_DLNK/Neon City/[Prefabs]/City Builder/2_Deco/Building Deco/Fence/Elegant/FenceElegant00_2.5x2.prefab
FenceElegant00_Poste,Buildings,무한,Assets/_DLNK/Neon City/[Prefabs]/City Builder/2_Deco/Building Deco/Fence/Elegant/FenceElegant00_Poste.prefab
FenceElegant00_Ramp2.5x1,Buildings,무한,Assets/_DLNK/Neon City/[Prefabs]/City Builder/2_Deco/Building Deco/Fence/Elegant/FenceElegant00_Ramp2.5x1.prefab
FenceElegant00_Ramp2.5x5,Buildings,무한,Assets/_DLNK/Neon City/[Prefabs]/City Builder/2_Deco/Building Deco/Fence/Elegant/FenceElegant00_Ramp2.5x5.prefab
FenceElegant00_x1,Buildings,무한,Assets/_DLNK/Neon City/[Prefabs]/City Builder/2_Deco/Building Deco/Fence/Elegant/FenceElegant00_x1.prefab
FenceElegant00_x1_1,Buildings,무한,Assets/_DLNK/Neon City/[Prefabs]/City Builder/2_Deco/Building Deco/Fence/Elegant/FenceElegant00_x1_1.prefab
FenceElegant00_x2.5,Buildings,무한,Assets/_DLNK/Neon City/[Prefabs]/City Builder/2_Deco/Building Deco/Fence/Elegant/FenceElegant00_x2.5.prefab
FenceElegant00_x5,Buildings,무한,Assets/_DLNK/Neon City/[Prefabs]/City Builder/2_Deco/Building Deco/Fence/Elegant/FenceElegant00_x5.prefab
Fence_Block00,Buildings,무한,Assets/_DLNK/Neon City/[Prefabs]/City Builder/2_Deco/Building Deco/Fence/Street/Fence_Block00.prefab
Fence_Block_5x1,Buildings,무한,Assets/_DLNK/Neon City/[Prefabs]/City Builder/2_Deco/Building Deco/Fence/Street/Fence_Block_5x1.prefab
FenceBlock_10x1,Buildings,무한,Assets/_DLNK/Neon City/[Prefabs]/City Builder/2_Deco/Building Deco/Fence/Street/FenceBlock_10x1.prefab
SmallFence00,Buildings,무한,Assets/_DLNK/Neon City/[Prefabs]/City Builder/2_Deco/Building Deco/Fence/Street/SmallFence00.prefab
SmallFence00_00 Variant,Buildings,무한,Assets/_DLNK/Neon City/[Prefabs]/City Builder/2_Deco/Building Deco/Fence/Street/SmallFence00_00 Variant.prefab
SmallFence001,Buildings,무한,Assets/_DLNK/Neon City/[Prefabs]/City Builder/2_Deco/Building Deco/Fence/Street/SmallFence001.prefab
SmallFence001_00 Variant,Buildings,무한,Assets/_DLNK/Neon City/[Prefabs]/City Builder/2_Deco/Building Deco/Fence/Street/SmallFence001_00 Variant.prefab
SmallFence002,Buildings,무한,Assets/_DLNK/Neon City/[Prefabs]/City Builder/2_Deco/Building Deco/Fence/Street/SmallFence002.prefab
SmallFence002_00 Variant,Buildings,무한,Assets/_DLNK/Neon City/[Prefabs]/City Builder/2_Deco/Building Deco/Fence/Street/SmallFence002_00 Variant.prefab
SmallFence003,Buildings,무한,Assets/_DLNK/Neon City/[Prefabs]/City Builder/2_Deco/Building Deco/Fence/Street/SmallFence003.prefab
SmallFence004,Buildings,무한,Assets/_DLNK/Neon City/[Prefabs]/City Builder/2_Deco/Building Deco/Fence/Street/SmallFence004.prefab
SmallFence005,Buildings,무한,Assets/_DLNK/Neon City/[Prefabs]/City Builder/2_Deco/Building Deco/Fence/Street/SmallFence005.prefab
SmallFence006,Buildings,무한,Assets/_DLNK/Neon City/[Prefabs]/City Builder/2_Deco/Building Deco/Fence/Street/SmallFence006.prefab
SmallFence007,Buildings,무한,Assets/_DLNK/Neon City/[Prefabs]/City Builder/2_Deco/Building Deco/Fence/Street/SmallFence007.prefab
SmallFence008,Buildings,무한,Assets/_DLNK/Neon City/[Prefabs]/City Builder/2_Deco/Building Deco/Fence/Street/SmallFence008.prefab
SmallFence009,Buildings,무한,Assets/_DLNK/Neon City/[Prefabs]/City Builder/2_Deco/Building Deco/Fence/Street/SmallFence009.prefab
Bar00 Variant,Buildings,무한,Assets/_DLNK/Neon City/[Prefabs]/City Builder/2_Deco/Building Deco/Furniture/Bar00 Variant.prefab
Bar00b Variant,Buildings,무한,Assets/_DLNK/Neon City/[Prefabs]/City Builder/2_Deco/Building Deco/Furniture/Bar00b Variant.prefab
Bar01 Variant,Buildings,무한,Assets/_DLNK/Neon City/[Prefabs]/City Builder/2_Deco/Building Deco/Furniture/Bar01 Variant.prefab
Bar01b Variant,Buildings,무한,Assets/_DLNK/Neon City/[Prefabs]/City Builder/2_Deco/Building Deco/Furniture/Bar01b Variant.prefab
Bar02 Variant,Buildings,무한,Assets/_DLNK/Neon City/[Prefabs]/City Builder/2_Deco/Building Deco/Furniture/Bar02 Variant.prefab
Bar02b Variant,Buildings,무한,Assets/_DLNK/Neon City/[Prefabs]/City Builder/2_Deco/Building Deco/Furniture/Bar02b Variant.prefab
Bar03 Variant,Buildings,무한,Assets/_DLNK/Neon City/[Prefabs]/City Builder/2_Deco/Building Deco/Furniture/Bar03 Variant.prefab
Bar03b Variant,Buildings,무한,Assets/_DLNK/Neon City/[Prefabs]/City Builder/2_Deco/Building Deco/Furniture/Bar03b Variant.prefab
Bar04 Variant,Buildings,무한,Assets/_DLNK/Neon City/[Prefabs]/City Builder/2_Deco/Building Deco/Furniture/Bar04 Variant.prefab
Bar04b Variant,Buildings,무한,Assets/_DLNK/Neon City/[Prefabs]/City Builder/2_Deco/Building Deco/Furniture/Bar04b Variant.prefab
Bar05 Variant,Buildings,무한,Assets/_DLNK/Neon City/[Prefabs]/City Builder/2_Deco/Building Deco/Furniture/Bar05 Variant.prefab
Bar05b Variant,Buildings,무한,Assets/_DLNK/Neon City/[Prefabs]/City Builder/2_Deco/Building Deco/Furniture/Bar05b Variant.prefab
Barrel00,Buildings,무한,Assets/_DLNK/Neon City/[Prefabs]/City Builder/2_Deco/Building Deco/Furniture/Barrel00.prefab
Chair00,Buildings,무한,Assets/_DLNK/Neon City/[Prefabs]/City Builder/2_Deco/Building Deco/Furniture/Chair00.prefab
Chair001,Buildings,무한,Assets/_DLNK/Neon City/[Prefabs]/City Builder/2_Deco/Building Deco/Furniture/Chair001.prefab
Chair001b Variant,Buildings,무한,Assets/_DLNK/Neon City/[Prefabs]/City Builder/2_Deco/Building Deco/Furniture/Chair001b Variant.prefab
Chair001b,Buildings,무한,Assets/_DLNK/Neon City/[Prefabs]/City Builder/2_Deco/Building Deco/Furniture/Chair001b.prefab
Chair001b_00 Variant,Buildings,무한,Assets/_DLNK/Neon City/[Prefabs]/City Builder/2_Deco/Building Deco/Furniture/Chair001b_00 Variant.prefab
Couch00,Buildings,무한,Assets/_DLNK/Neon City/[Prefabs]/City Builder/2_Deco/Building Deco/Furniture/Couch00.prefab
Couch00_00 Variant,Buildings,무한,Assets/_DLNK/Neon City/[Prefabs]/City Builder/2_Deco/Building Deco/Furniture/Couch00_00 Variant.prefab
Crate00,Buildings,무한,Assets/_DLNK/Neon City/[Prefabs]/City Builder/2_Deco/Building Deco/Furniture/Crate00.prefab
Crate01,Buildings,무한,Assets/_DLNK/Neon City/[Prefabs]/City Builder/2_Deco/Building Deco/Furniture/Crate01.prefab
Crate01b Variant,Buildings,무한,Assets/_DLNK/Neon City/[Prefabs]/City Builder/2_Deco/Building Deco/Furniture/Crate01b Variant.prefab
Crate01c Variant,Buildings,무한,Assets/_DLNK/Neon City/[Prefabs]/City Builder/2_Deco/Building Deco/Furniture/Crate01c Variant.prefab
Rack00 Variant,Buildings,무한,Assets/_DLNK/Neon City/[Prefabs]/City Builder/2_Deco/Building Deco/Furniture/Rack00 Variant.prefab
Rack00b Variant,Buildings,무한,Assets/_DLNK/Neon City/[Prefabs]/City Builder/2_Deco/Building Deco/Furniture/Rack00b Variant.prefab
Rack01 Variant,Buildings,무한,Assets/_DLNK/Neon City/[Prefabs]/City Builder/2_Deco/Building Deco/Furniture/Rack01 Variant.prefab
Rack01b Variant,Buildings,무한,Assets/_DLNK/Neon City/[Prefabs]/City Builder/2_Deco/Building Deco/Furniture/Rack01b Variant.prefab
Rack02 Variant,Buildings,무한,Assets/_DLNK/Neon City/[Prefabs]/City Builder/2_Deco/Building Deco/Furniture/Rack02 Variant.prefab
Rack02b Variant,Buildings,무한,Assets/_DLNK/Neon City/[Prefabs]/City Builder/2_Deco/Building Deco/Furniture/Rack02b Variant.prefab
RecyclerBin00,Buildings,무한,Assets/_DLNK/Neon City/[Prefabs]/City Builder/2_Deco/Building Deco/Furniture/RecyclerBin00.prefab
Table00,Buildings,무한,Assets/_DLNK/Neon City/[Prefabs]/City Builder/2_Deco/Building Deco/Furniture/Table00.prefab
Table001,Buildings,무한,Assets/_DLNK/Neon City/[Prefabs]/City Builder/2_Deco/Building Deco/Furniture/Table001.prefab
Table001b Variant,Buildings,무한,Assets/_DLNK/Neon City/[Prefabs]/City Builder/2_Deco/Building Deco/Furniture/Table001b Variant.prefab
Table002,Buildings,무한,Assets/_DLNK/Neon City/[Prefabs]/City Builder/2_Deco/Building Deco/Furniture/Table002.prefab
TableOctogonal00 Variant,Buildings,무한,Assets/_DLNK/Neon City/[Prefabs]/City Builder/2_Deco/Building Deco/Furniture/TableOctogonal00 Variant.prefab
TableOctogonal00b Variant,Buildings,무한,Assets/_DLNK/Neon City/[Prefabs]/City Builder/2_Deco/Building Deco/Furniture/TableOctogonal00b Variant.prefab
TableOctogonal00c Variant,Buildings,무한,Assets/_DLNK/Neon City/[Prefabs]/City Builder/2_Deco/Building Deco/Furniture/TableOctogonal00c Variant.prefab
TableOctogonal00d Variant,Buildings,무한,Assets/_DLNK/Neon City/[Prefabs]/City Builder/2_Deco/Building Deco/Furniture/TableOctogonal00d Variant.prefab
Bowl00,Buildings,무한,Assets/_DLNK/Neon City/[Prefabs]/City Builder/2_Deco/Building Deco/Items/Bowl00.prefab
Bowl00b Variant,Buildings,무한,Assets/_DLNK/Neon City/[Prefabs]/City Builder/2_Deco/Building Deco/Items/Bowl00b Variant.prefab
Bowl00c,Buildings,무한,Assets/_DLNK/Neon City/[Prefabs]/City Builder/2_Deco/Building Deco/Items/Bowl00c.prefab
Bowl00d,Buildings,무한,Assets/_DLNK/Neon City/[Prefabs]/City Builder/2_Deco/Building Deco/Items/Bowl00d.prefab
Bowl00e Variant,Buildings,무한,Assets/_DLNK/Neon City/[Prefabs]/City Builder/2_Deco/Building Deco/Items/Bowl00e Variant.prefab
Bowl00f Variant,Buildings,무한,Assets/_DLNK/Neon City/[Prefabs]/City Builder/2_Deco/Building Deco/Items/Bowl00f Variant.prefab
BowlCup00,Buildings,무한,Assets/_DLNK/Neon City/[Prefabs]/City Builder/2_Deco/Building Deco/Items/BowlCup00.prefab
BowlCup01,Buildings,무한,Assets/_DLNK/Neon City/[Prefabs]/City Builder/2_Deco/Building Deco/Items/BowlCup01.prefab
BowlCup02,Buildings,무한,Assets/_DLNK/Neon City/[Prefabs]/City Builder/2_Deco/Building Deco/Items/BowlCup02.prefab
Plate00,Buildings,무한,Assets/_DLNK/Neon City/[Prefabs]/City Builder/2_Deco/Building Deco/Items/Plate00.prefab
Plate01,Buildings,무한,Assets/_DLNK/Neon City/[Prefabs]/City Builder/2_Deco/Building Deco/Items/Plate01.prefab
Plate02,Buildings,무한,Assets/_DLNK/Neon City/[Prefabs]/City Builder/2_Deco/Building Deco/Items/Plate02.prefab
PlateFood00 Variant,Buildings,무한,Assets/_DLNK/Neon City/[Prefabs]/City Builder/2_Deco/Building Deco/Items/PlateFood00 Variant.prefab
PlateFood01 Variant,Buildings,무한,Assets/_DLNK/Neon City/[Prefabs]/City Builder/2_Deco/Building Deco/Items/PlateFood01 Variant.prefab
PlateFood02 Variant,Buildings,무한,Assets/_DLNK/Neon City/[Prefabs]/City Builder/2_Deco/Building Deco/Items/PlateFood02 Variant.prefab
ProductBox00 Variant,Buildings,무한,Assets/_DLNK/Neon City/[Prefabs]/City Builder/2_Deco/Building Deco/Items/ProductBox00 Variant.prefab
ProductBox00b Variant,Buildings,무한,Assets/_DLNK/Neon City/[Prefabs]/City Builder/2_Deco/Building Deco/Items/ProductBox00b Variant.prefab
ProductBox00c Variant ,Buildings,무한,Assets/_DLNK/Neon City/[Prefabs]/City Builder/2_Deco/Building Deco/Items/ProductBox00c Variant .prefab
ProductBox01 Variant,Buildings,무한,Assets/_DLNK/Neon City/[Prefabs]/City Builder/2_Deco/Building Deco/Items/ProductBox01 Variant.prefab
ProductBox01b Variant,Buildings,무한,Assets/_DLNK/Neon City/[Prefabs]/City Builder/2_Deco/Building Deco/Items/ProductBox01b Variant.prefab
ProductBox01c Variant,Buildings,무한,Assets/_DLNK/Neon City/[Prefabs]/City Builder/2_Deco/Building Deco/Items/ProductBox01c Variant.prefab
ProductCyl00 Variant,Buildings,무한,Assets/_DLNK/Neon City/[Prefabs]/City Builder/2_Deco/Building Deco/Items/ProductCyl00 Variant.prefab
ProductCyl00b Variant,Buildings,무한,Assets/_DLNK/Neon City/[Prefabs]/City Builder/2_Deco/Building Deco/Items/ProductCyl00b Variant.prefab
ProductCyl00c Variant,Buildings,무한,Assets/_DLNK/Neon City/[Prefabs]/City Builder/2_Deco/Building Deco/Items/ProductCyl00c Variant.prefab
Spoon00,Buildings,무한,Assets/_DLNK/Neon City/[Prefabs]/City Builder/2_Deco/Building Deco/Items/Spoon00.prefab
Spoon00b Variant,Buildings,무한,Assets/_DLNK/Neon City/[Prefabs]/City Builder/2_Deco/Building Deco/Items/Spoon00b Variant.prefab
FloorSign00 Variant,Buildings,무한,Assets/_DLNK/Neon City/[Prefabs]/City Builder/2_Deco/Building Deco/Misc/FloorSign00 Variant.prefab
FloorSmallConnection00 Variant,Buildings,무한,Assets/_DLNK/Neon City/[Prefabs]/City Builder/2_Deco/Building Deco/Misc/FloorSmallConnection00 Variant.prefab
PosteHolder00,Buildings,무한,Assets/_DLNK/Neon City/[Prefabs]/City Builder/2_Deco/Building Deco/Misc/PosteHolder00.prefab
TableSign00,Buildings,무한,Assets/_DLNK/Neon City/[Prefabs]/City Builder/2_Deco/Building Deco/Misc/TableSign00.prefab
TableSign01,Buildings,무한,Assets/_DLNK/Neon City/[Prefabs]/City Builder/2_Deco/Building Deco/Misc/TableSign01.prefab
TableSign02,Buildings,무한,Assets/_DLNK/Neon City/[Prefabs]/City Builder/2_Deco/Building Deco/Misc/TableSign02.prefab
Pipe_Base00,Buildings,무한,Assets/_DLNK/Neon City/[Prefabs]/City Builder/2_Deco/Building Deco/Pipes/Pipe_Base00.prefab
Pipe_Base01,Buildings,무한,Assets/_DLNK/Neon City/[Prefabs]/City Builder/2_Deco/Building Deco/Pipes/Pipe_Base01.prefab
Pipe_Base02,Buildings,무한,Assets/_DLNK/Neon City/[Prefabs]/City Builder/2_Deco/Building Deco/Pipes/Pipe_Base02.prefab
Pipe_Base03,Buildings,무한,Assets/_DLNK/Neon City/[Prefabs]/City Builder/2_Deco/Building Deco/Pipes/Pipe_Base03.prefab
Pipe_Base04,Buildings,무한,Assets/_DLNK/Neon City/[Prefabs]/City Builder/2_Deco/Building Deco/Pipes/Pipe_Base04.prefab
Pipe_Base05,Buildings,무한,Assets/_DLNK/Neon City/[Prefabs]/City Builder/2_Deco/Building Deco/Pipes/Pipe_Base05.prefab
Pipe_Base06,Buildings,무한,Assets/_DLNK/Neon City/[Prefabs]/City Builder/2_Deco/Building Deco/Pipes/Pipe_Base06.prefab
Pipe_Base07,Buildings,무한,Assets/_DLNK/Neon City/[Prefabs]/City Builder/2_Deco/Building Deco/Pipes/Pipe_Base07.prefab
Pipe_Base08,Buildings,무한,Assets/_DLNK/Neon City/[Prefabs]/City Builder/2_Deco/Building Deco/Pipes/Pipe_Base08.prefab
Pipe_Base09,Buildings,무한,Assets/_DLNK/Neon City/[Prefabs]/City Builder/2_Deco/Building Deco/Pipes/Pipe_Base09.prefab
Pipe_Connection00,Buildings,무한,Assets/_DLNK/Neon City/[Prefabs]/City Builder/2_Deco/Building Deco/Pipes/Pipe_Connection00.prefab
Pipe_Connection01,Buildings,무한,Assets/_DLNK/Neon City/[Prefabs]/City Builder/2_Deco/Building Deco/Pipes/Pipe_Connection01.prefab
Pipe_End00,Buildings,무한,Assets/_DLNK/Neon City/[Prefabs]/City Builder/2_Deco/Building Deco/Pipes/Pipe_End00.prefab
Pipe_Fix00,Buildings,무한,Assets/_DLNK/Neon City/[Prefabs]/City Builder/2_Deco/Building Deco/Pipes/Pipe_Fix00.prefab
Pipe_Mounted00,Buildings,무한,Assets/_DLNK/Neon City/[Prefabs]/City Builder/2_Deco/Building Deco/Pipes/Pipe_Mounted00.prefab
Pipe_Mounted01,Buildings,무한,Assets/_DLNK/Neon City/[Prefabs]/City Builder/2_Deco/Building Deco/Pipes/Pipe_Mounted01.prefab
Pipe_Mounted02,Buildings,무한,Assets/_DLNK/Neon City/[Prefabs]/City Builder/2_Deco/Building Deco/Pipes/Pipe_Mounted02.prefab
Pipe_Mounted03,Buildings,무한,Assets/_DLNK/Neon City/[Prefabs]/City Builder/2_Deco/Building Deco/Pipes/Pipe_Mounted03.prefab
Pipe_Mounted04,Buildings,무한,Assets/_DLNK/Neon City/[Prefabs]/City Builder/2_Deco/Building Deco/Pipes/Pipe_Mounted04.prefab
Pipe_Mounted05,Buildings,무한,Assets/_DLNK/Neon City/[Prefabs]/City Builder/2_Deco/Building Deco/Pipes/Pipe_Mounted05.prefab
Pipe_Mounted06,Buildings,무한,Assets/_DLNK/Neon City/[Prefabs]/City Builder/2_Deco/Building Deco/Pipes/Pipe_Mounted06.prefab
Pipe_Mounted07,Buildings,무한,Assets/_DLNK/Neon City/[Prefabs]/City Builder/2_Deco/Building Deco/Pipes/Pipe_Mounted07.prefab
Pipe_Mounted08,Buildings,무한,Assets/_DLNK/Neon City/[Prefabs]/City Builder/2_Deco/Building Deco/Pipes/Pipe_Mounted08.prefab
Pipe_Mounted09,Buildings,무한,Assets/_DLNK/Neon City/[Prefabs]/City Builder/2_Deco/Building Deco/Pipes/Pipe_Mounted09.prefab
Pipe_Mounted10,Buildings,무한,Assets/_DLNK/Neon City/[Prefabs]/City Builder/2_Deco/Building Deco/Pipes/Pipe_Mounted10.prefab
PipeMounted11,Buildings,무한,Assets/_DLNK/Neon City/[Prefabs]/City Builder/2_Deco/Building Deco/Pipes/PipeMounted11.prefab
PipeMounted12,Buildings,무한,Assets/_DLNK/Neon City/[Prefabs]/City Builder/2_Deco/Building Deco/Pipes/PipeMounted12.prefab
PipeMounted13,Buildings,무한,Assets/_DLNK/Neon City/[Prefabs]/City Builder/2_Deco/Building Deco/Pipes/PipeMounted13.prefab
PipeMounted14,Buildings,무한,Assets/_DLNK/Neon City/[Prefabs]/City Builder/2_Deco/Building Deco/Pipes/PipeMounted14.prefab
BuildingTank00,Buildings,무한,Assets/_DLNK/Neon City/[Prefabs]/City Builder/2_Deco/Building Deco/Roof Deco/BuildingTank00.prefab
BuildingTank01,Buildings,무한,Assets/_DLNK/Neon City/[Prefabs]/City Builder/2_Deco/Building Deco/Roof Deco/BuildingTank01.prefab
BuildingTank02,Buildings,무한,Assets/_DLNK/Neon City/[Prefabs]/City Builder/2_Deco/Building Deco/Roof Deco/BuildingTank02.prefab
BuildingTank03,Buildings,무한,Assets/_DLNK/Neon City/[Prefabs]/City Builder/2_Deco/Building Deco/Roof Deco/BuildingTank03.prefab
BuildingTank04,Buildings,무한,Assets/_DLNK/Neon City/[Prefabs]/City Builder/2_Deco/Building Deco/Roof Deco/BuildingTank04.prefab
BuildingTank05,Buildings,무한,Assets/_DLNK/Neon City/[Prefabs]/City Builder/2_Deco/Building Deco/Roof Deco/BuildingTank05.prefab
BuildRoof_Chimney00,Buildings,무한,Assets/_DLNK/Neon City/[Prefabs]/City Builder/2_Deco/Building Deco/Roof Deco/BuildRoof_Chimney00.prefab
BuildRoof_Chimney001,Buildings,무한,Assets/_DLNK/Neon City/[Prefabs]/City Builder/2_Deco/Building Deco/Roof Deco/BuildRoof_Chimney001.prefab
BuildRoof_Pinnacle00,Buildings,무한,Assets/_DLNK/Neon City/[Prefabs]/City Builder/2_Deco/Building Deco/Roof Deco/BuildRoof_Pinnacle00.prefab
ExteriorPlatform00_7x7,Buildings,무한,Assets/_DLNK/Neon City/[Prefabs]/City Builder/2_Deco/Building Deco/Roof Deco/ExteriorPlatform00_7x7.prefab
GasPipeBig00,Buildings,무한,Assets/_DLNK/Neon City/[Prefabs]/City Builder/2_Deco/Building Deco/Roof Deco/GasPipeBig00.prefab
ExteriorStairs00,Buildings,무한,Assets/_DLNK/Neon City/[Prefabs]/City Builder/2_Deco/Building Deco/Stairs/ExteriorStairs00.prefab
ExteriorStairs00Large,Buildings,무한,Assets/_DLNK/Neon City/[Prefabs]/City Builder/2_Deco/Building Deco/Stairs/ExteriorStairs00Large.prefab
ExteriorStairs001,Buildings,무한,Assets/_DLNK/Neon City/[Prefabs]/City Builder/2_Deco/Building Deco/Stairs/ExteriorStairs001.prefab
FireEscape00,Buildings,무한,Assets/_DLNK/Neon City/[Prefabs]/City Builder/2_Deco/Building Deco/Stairs/FireEscape00.prefab
FireEscape001,Buildings,무한,Assets/_DLNK/Neon City/[Prefabs]/City Builder/2_Deco/Building Deco/Stairs/FireEscape001.prefab
RampStairsLarge00,Buildings,무한,Assets/_DLNK/Neon City/[Prefabs]/City Builder/2_Deco/Building Deco/Stairs/RampStairsLarge00.prefab
SimpleStairs00,Buildings,무한,Assets/_DLNK/Neon City/[Prefabs]/City Builder/2_Deco/Building Deco/Stairs/SimpleStairs00.prefab
SimpleStairs00b Variant,Buildings,무한,Assets/_DLNK/Neon City/[Prefabs]/City Builder/2_Deco/Building Deco/Stairs/SimpleStairs00b Variant.prefab
SimpleStairs00c Variant,Buildings,무한,Assets/_DLNK/Neon City/[Prefabs]/City Builder/2_Deco/Building Deco/Stairs/SimpleStairs00c Variant.prefab
SmallStairs00,Buildings,무한,Assets/_DLNK/Neon City/[Prefabs]/City Builder/2_Deco/Building Deco/Stairs/SmallStairs00.prefab
SmallStairs00b Variant,Buildings,무한,Assets/_DLNK/Neon City/[Prefabs]/City Builder/2_Deco/Building Deco/Stairs/SmallStairs00b Variant.prefab
SmallStairs00c Variant,Buildings,무한,Assets/_DLNK/Neon City/[Prefabs]/City Builder/2_Deco/Building Deco/Stairs/SmallStairs00c Variant.prefab
Stairs00,Buildings,무한,Assets/_DLNK/Neon City/[Prefabs]/City Builder/2_Deco/Building Deco/Stairs/Stairs00.prefab
Stairs00b Variant,Buildings,무한,Assets/_DLNK/Neon City/[Prefabs]/City Builder/2_Deco/Building Deco/Stairs/Stairs00b Variant.prefab
Stairs01,Buildings,무한,Assets/_DLNK/Neon City/[Prefabs]/City Builder/2_Deco/Building Deco/Stairs/Stairs01.prefab
Stairs01b Variant,Buildings,무한,Assets/_DLNK/Neon City/[Prefabs]/City Builder/2_Deco/Building Deco/Stairs/Stairs01b Variant.prefab
Stairs01c Variant,Buildings,무한,Assets/_DLNK/Neon City/[Prefabs]/City Builder/2_Deco/Building Deco/Stairs/Stairs01c Variant.prefab
StairsDoble00,Buildings,무한,Assets/_DLNK/Neon City/[Prefabs]/City Builder/2_Deco/Building Deco/Stairs/StairsDoble00.prefab
StairsDoble00b,Buildings,무한,Assets/_DLNK/Neon City/[Prefabs]/City Builder/2_Deco/Building Deco/Stairs/StairsDoble00b.prefab
StairsDoble01,Buildings,무한,Assets/_DLNK/Neon City/[Prefabs]/City Builder/2_Deco/Building Deco/Stairs/StairsDoble01.prefab
StairsDoble01b Variant,Buildings,무한,Assets/_DLNK/Neon City/[Prefabs]/City Builder/2_Deco/Building Deco/Stairs/StairsDoble01b Variant.prefab
StairsDoble02,Buildings,무한,Assets/_DLNK/Neon City/[Prefabs]/City Builder/2_Deco/Building Deco/Stairs/StairsDoble02.prefab
StairsDobleSmall00,Buildings,무한,Assets/_DLNK/Neon City/[Prefabs]/City Builder/2_Deco/Building Deco/Stairs/StairsDobleSmall00.prefab
StreetSideStairs00,Buildings,무한,Assets/_DLNK/Neon City/[Prefabs]/City Builder/2_Deco/Building Deco/Stairs/StreetSideStairs00.prefab
StreetSideStairs01,Buildings,무한,Assets/_DLNK/Neon City/[Prefabs]/City Builder/2_Deco/Building Deco/Stairs/StreetSideStairs01.prefab
Window_sunshade00,Buildings,무한,Assets/_DLNK/Neon City/[Prefabs]/City Builder/2_Deco/Building Deco/Sunshade/Window_sunshade00.prefab
Window_sunshade001,Buildings,무한,Assets/_DLNK/Neon City/[Prefabs]/City Builder/2_Deco/Building Deco/Sunshade/Window_sunshade001.prefab
Window_sunshade002,Buildings,무한,Assets/_DLNK/Neon City/[Prefabs]/City Builder/2_Deco/Building Deco/Sunshade/Window_sunshade002.prefab
ComputerCase00 Variant,Buildings,무한,Assets/_DLNK/Neon City/[Prefabs]/City Builder/2_Deco/Building Deco/Tech/ComputerCase00 Variant.prefab
ChineseLamp00 Variant,Buildings,무한,Assets/_DLNK/Neon City/[Prefabs]/City Builder/2_Deco/Lighting/Deco/ChineseLamp00 Variant.prefab
ChineseLamp00b Variant,Buildings,무한,Assets/_DLNK/Neon City/[Prefabs]/City Builder/2_Deco/Lighting/Deco/ChineseLamp00b Variant.prefab
Lighting_Deco00,Buildings,무한,Assets/_DLNK/Neon City/[Prefabs]/City Builder/2_Deco/Lighting/Deco/Lighting_Deco00.prefab
Lighting_Deco00b,Buildings,무한,Assets/_DLNK/Neon City/[Prefabs]/City Builder/2_Deco/Lighting/Deco/Lighting_Deco00b.prefab
Lighting_Deco00c,Buildings,무한,Assets/_DLNK/Neon City/[Prefabs]/City Builder/2_Deco/Lighting/Deco/Lighting_Deco00c.prefab
Lighting_Deco00d,Buildings,무한,Assets/_DLNK/Neon City/[Prefabs]/City Builder/2_Deco/Lighting/Deco/Lighting_Deco00d.prefab
Lighting_Deco00e,Buildings,무한,Assets/_DLNK/Neon City/[Prefabs]/City Builder/2_Deco/Lighting/Deco/Lighting_Deco00e.prefab
Lighting_Deco00f,Buildings,무한,Assets/_DLNK/Neon City/[Prefabs]/City Builder/2_Deco/Lighting/Deco/Lighting_Deco00f.prefab
Lighting_Deco00g,Buildings,무한,Assets/_DLNK/Neon City/[Prefabs]/City Builder/2_Deco/Lighting/Deco/Lighting_Deco00g.prefab
Lighting_Deco001,Buildings,무한,Assets/_DLNK/Neon City/[Prefabs]/City Builder/2_Deco/Lighting/Deco/Lighting_Deco001.prefab
Lighting_Deco002,Buildings,무한,Assets/_DLNK/Neon City/[Prefabs]/City Builder/2_Deco/Lighting/Deco/Lighting_Deco002.prefab
Lighting_Deco002b,Buildings,무한,Assets/_DLNK/Neon City/[Prefabs]/City Builder/2_Deco/Lighting/Deco/Lighting_Deco002b.prefab
Lighting_Deco003,Buildings,무한,Assets/_DLNK/Neon City/[Prefabs]/City Builder/2_Deco/Lighting/Deco/Lighting_Deco003.prefab
Lighting_Deco004,Buildings,무한,Assets/_DLNK/Neon City/[Prefabs]/City Builder/2_Deco/Lighting/Deco/Lighting_Deco004.prefab
Lighting_Deco006_DECO,Buildings,무한,Assets/_DLNK/Neon City/[Prefabs]/City Builder/2_Deco/Lighting/Deco/Lighting_Deco006_DECO.prefab
Lighting_Deco007_DECO,Buildings,무한,Assets/_DLNK/Neon City/[Prefabs]/City Builder/2_Deco/Lighting/Deco/Lighting_Deco007_DECO.prefab
StreetFocusLarge00 Variant,Buildings,무한,Assets/_DLNK/Neon City/[Prefabs]/City Builder/2_Deco/Lighting/Deco/StreetFocusLarge00 Variant.prefab
StreetFocusLarge00b Variant,Buildings,무한,Assets/_DLNK/Neon City/[Prefabs]/City Builder/2_Deco/Lighting/Deco/StreetFocusLarge00b Variant.prefab
StreetFocusLarge00c Variant,Buildings,무한,Assets/_DLNK/Neon City/[Prefabs]/City Builder/2_Deco/Lighting/Deco/StreetFocusLarge00c Variant.prefab
Lighting_Deco00e_lgt Variant,Buildings,무한,Assets/_DLNK/Neon City/[Prefabs]/City Builder/2_Deco/Lighting/Lighting_Deco00e_lgt Variant.prefab
Lighting_Deco00e_lgt2 Variant,Buildings,무한,Assets/_DLNK/Neon City/[Prefabs]/City Builder/2_Deco/Lighting/Lighting_Deco00e_lgt2 Variant.prefab
Lighting_Deco00e_lgt3 Variant,Buildings,무한,Assets/_DLNK/Neon City/[Prefabs]/City Builder/2_Deco/Lighting/Lighting_Deco00e_lgt3 Variant.prefab
Lighting_Deco001_lgt,Buildings,무한,Assets/_DLNK/Neon City/[Prefabs]/City Builder/2_Deco/Lighting/Lighting_Deco001_lgt.prefab
Lighting_Deco002_lgt,Buildings,무한,Assets/_DLNK/Neon City/[Prefabs]/City Builder/2_Deco/Lighting/Lighting_Deco002_lgt.prefab
Lighting_Deco002_lgt_00 Variant,Buildings,무한,Assets/_DLNK/Neon City/[Prefabs]/City Builder/2_Deco/Lighting/Lighting_Deco002_lgt_00 Variant.prefab
Lighting_Deco002b_lgt,Buildings,무한,Assets/_DLNK/Neon City/[Prefabs]/City Builder/2_Deco/Lighting/Lighting_Deco002b_lgt.prefab
Lighting_Deco002b_lgt_00 Variant,Buildings,무한,Assets/_DLNK/Neon City/[Prefabs]/City Builder/2_Deco/Lighting/Lighting_Deco002b_lgt_00 Variant.prefab
Lighting_Deco002c_lgt,Buildings,무한,Assets/_DLNK/Neon City/[Prefabs]/City Builder/2_Deco/Lighting/Lighting_Deco002c_lgt.prefab
Lighting_Deco002d_lgt,Buildings,무한,Assets/_DLNK/Neon City/[Prefabs]/City Builder/2_Deco/Lighting/Lighting_Deco002d_lgt.prefab
Lighting_Deco003,Buildings,무한,Assets/_DLNK/Neon City/[Prefabs]/City Builder/2_Deco/Lighting/Lighting_Deco003.prefab
Lighting_Deco003b Variant,Buildings,무한,Assets/_DLNK/Neon City/[Prefabs]/City Builder/2_Deco/Lighting/Lighting_Deco003b Variant.prefab
Lighting_Deco003c Variant,Buildings,무한,Assets/_DLNK/Neon City/[Prefabs]/City Builder/2_Deco/Lighting/Lighting_Deco003c Variant.prefab
Lighting_Deco004,Buildings,무한,Assets/_DLNK/Neon City/[Prefabs]/City Builder/2_Deco/Lighting/Lighting_Deco004.prefab
Lighting_Deco005,Buildings,무한,Assets/_DLNK/Neon City/[Prefabs]/City Builder/2_Deco/Lighting/Lighting_Deco005.prefab
Lighting_Deco006,Buildings,무한,Assets/_DLNK/Neon City/[Prefabs]/City Builder/2_Deco/Lighting/Lighting_Deco006.prefab
Lighting_Deco007,Buildings,무한,Assets/_DLNK/Neon City/[Prefabs]/City Builder/2_Deco/Lighting/Lighting_Deco007.prefab
Lighting_Deco007b,Buildings,무한,Assets/_DLNK/Neon City/[Prefabs]/City Builder/2_Deco/Lighting/Lighting_Deco007b.prefab
Lighting_Deco007c,Buildings,무한,Assets/_DLNK/Neon City/[Prefabs]/City Builder/2_Deco/Lighting/Lighting_Deco007c.prefab
StreetFocus00,Buildings,무한,Assets/_DLNK/Neon City/[Prefabs]/City Builder/2_Deco/Lighting/StreetFocus00.prefab
StreetFocus00b Variant,Buildings,무한,Assets/_DLNK/Neon City/[Prefabs]/City Builder/2_Deco/Lighting/StreetFocus00b Variant.prefab
BeamColumn00,Buildings,무한,Assets/_DLNK/Neon City/[Prefabs]/City Builder/2_Deco/Street Deco/Beams/BeamColumn00.prefab
BeamColumn01,Buildings,무한,Assets/_DLNK/Neon City/[Prefabs]/City Builder/2_Deco/Street Deco/Beams/BeamColumn01.prefab
BeamColumn02,Buildings,무한,Assets/_DLNK/Neon City/[Prefabs]/City Builder/2_Deco/Street Deco/Beams/BeamColumn02.prefab
BeamPillar00,Buildings,무한,Assets/_DLNK/Neon City/[Prefabs]/City Builder/2_Deco/Street Deco/Beams/BeamPillar00.prefab
BeamStructure00,Buildings,무한,Assets/_DLNK/Neon City/[Prefabs]/City Builder/2_Deco/Street Deco/Beams/BeamStructure00.prefab
BeamStructure01,Buildings,무한,Assets/_DLNK/Neon City/[Prefabs]/City Builder/2_Deco/Street Deco/Beams/BeamStructure01.prefab
BeamStructure02,Buildings,무한,Assets/_DLNK/Neon City/[Prefabs]/City Builder/2_Deco/Street Deco/Beams/BeamStructure02.prefab
MetalBeam00,Buildings,무한,Assets/_DLNK/Neon City/[Prefabs]/City Builder/2_Deco/Street Deco/Beams/MetalBeam00.prefab
MetalBeam001,Buildings,무한,Assets/_DLNK/Neon City/[Prefabs]/City Builder/2_Deco/Street Deco/Beams/MetalBeam001.prefab
MetalBeam002,Buildings,무한,Assets/_DLNK/Neon City/[Prefabs]/City Builder/2_Deco/Street Deco/Beams/MetalBeam002.prefab
MetalBeam003,Buildings,무한,Assets/_DLNK/Neon City/[Prefabs]/City Builder/2_Deco/Street Deco/Beams/MetalBeam003.prefab
Cable00,Buildings,무한,Assets/_DLNK/Neon City/[Prefabs]/City Builder/2_Deco/Street Deco/Cable/Cable00.prefab
Cable01,Buildings,무한,Assets/_DLNK/Neon City/[Prefabs]/City Builder/2_Deco/Street Deco/Cable/Cable01.prefab
Cable02,Buildings,무한,Assets/_DLNK/Neon City/[Prefabs]/City Builder/2_Deco/Street Deco/Cable/Cable02.prefab
Cable03,Buildings,무한,Assets/_DLNK/Neon City/[Prefabs]/City Builder/2_Deco/Street Deco/Cable/Cable03.prefab
Cable04,Buildings,무한,Assets/_DLNK/Neon City/[Prefabs]/City Builder/2_Deco/Street Deco/Cable/Cable04.prefab
Cable05,Buildings,무한,Assets/_DLNK/Neon City/[Prefabs]/City Builder/2_Deco/Street Deco/Cable/Cable05.prefab
Cable_Deco00,Buildings,무한,Assets/_DLNK/Neon City/[Prefabs]/City Builder/2_Deco/Street Deco/Cable/Cable_Deco00.prefab
Cable_Deco001,Buildings,무한,Assets/_DLNK/Neon City/[Prefabs]/City Builder/2_Deco/Street Deco/Cable/Cable_Deco001.prefab
CableBunch00,Buildings,무한,Assets/_DLNK/Neon City/[Prefabs]/City Builder/2_Deco/Street Deco/Cable/CableBunch00.prefab
CableBunch01,Buildings,무한,Assets/_DLNK/Neon City/[Prefabs]/City Builder/2_Deco/Street Deco/Cable/CableBunch01.prefab
CableBunch02,Buildings,무한,Assets/_DLNK/Neon City/[Prefabs]/City Builder/2_Deco/Street Deco/Cable/CableBunch02.prefab
CableBunch03,Buildings,무한,Assets/_DLNK/Neon City/[Prefabs]/City Builder/2_Deco/Street Deco/Cable/CableBunch03.prefab
CableBunch04,Buildings,무한,Assets/_DLNK/Neon City/[Prefabs]/City Builder/2_Deco/Street Deco/Cable/CableBunch04.prefab
CablePole00,Buildings,무한,Assets/_DLNK/Neon City/[Prefabs]/City Builder/2_Deco/Street Deco/Cable/CablePole00.prefab
CablePole01,Buildings,무한,Assets/_DLNK/Neon City/[Prefabs]/City Builder/2_Deco/Street Deco/Cable/CablePole01.prefab
CablePole02,Buildings,무한,Assets/_DLNK/Neon City/[Prefabs]/City Builder/2_Deco/Street Deco/Cable/CablePole02.prefab
CablePoleGroup00,Buildings,무한,Assets/_DLNK/Neon City/[Prefabs]/City Builder/2_Deco/Street Deco/Cable/CablePoleGroup00.prefab
CablePoleGroup01,Buildings,무한,Assets/_DLNK/Neon City/[Prefabs]/City Builder/2_Deco/Street Deco/Cable/CablePoleGroup01.prefab
CablePoleGroup02,Buildings,무한,Assets/_DLNK/Neon City/[Prefabs]/City Builder/2_Deco/Street Deco/Cable/CablePoleGroup02.prefab
CablePoleGroup03,Buildings,무한,Assets/_DLNK/Neon City/[Prefabs]/City Builder/2_Deco/Street Deco/Cable/CablePoleGroup03.prefab
CableWiresPacked00,Buildings,무한,Assets/_DLNK/Neon City/[Prefabs]/City Builder/2_Deco/Street Deco/Cable/CableWiresPacked00.prefab
CableWiresPacked01,Buildings,무한,Assets/_DLNK/Neon City/[Prefabs]/City Builder/2_Deco/Street Deco/Cable/CableWiresPacked01.prefab
CableWiresPacked02,Buildings,무한,Assets/_DLNK/Neon City/[Prefabs]/City Builder/2_Deco/Street Deco/Cable/CableWiresPacked02.prefab
CableWiresPacked03,Buildings,무한,Assets/_DLNK/Neon City/[Prefabs]/City Builder/2_Deco/Street Deco/Cable/CableWiresPacked03.prefab
ElectricStreetBox00,Buildings,무한,Assets/_DLNK/Neon City/[Prefabs]/City Builder/2_Deco/Street Deco/Cable/ElectricStreetBox00.prefab
ElectricStreetBox00b Variant,Buildings,무한,Assets/_DLNK/Neon City/[Prefabs]/City Builder/2_Deco/Street Deco/Cable/ElectricStreetBox00b Variant.prefab
SupportCable00 Variant,Buildings,무한,Assets/_DLNK/Neon City/[Prefabs]/City Builder/2_Deco/Street Deco/Cable/SupportCable00 Variant.prefab
CarEngine00,Buildings,무한,Assets/_DLNK/Neon City/[Prefabs]/City Builder/2_Deco/Street Deco/Cars/CarEngine00.prefab
FloatingCar00,Buildings,무한,Assets/_DLNK/Neon City/[Prefabs]/City Builder/2_Deco/Street Deco/Cars/FloatingCar00.prefab
FloatingCar00b,Buildings,무한,Assets/_DLNK/Neon City/[Prefabs]/City Builder/2_Deco/Street Deco/Cars/FloatingCar00b.prefab
FloatingCar00c,Buildings,무한,Assets/_DLNK/Neon City/[Prefabs]/City Builder/2_Deco/Street Deco/Cars/FloatingCar00c.prefab
FloatingCar00d,Buildings,무한,Assets/_DLNK/Neon City/[Prefabs]/City Builder/2_Deco/Street Deco/Cars/FloatingCar00d.prefab
FloatingCar00e Variant,Buildings,무한,Assets/_DLNK/Neon City/[Prefabs]/City Builder/2_Deco/Street Deco/Cars/FloatingCar00e Variant.prefab
FloatingCar00e,Buildings,무한,Assets/_DLNK/Neon City/[Prefabs]/City Builder/2_Deco/Street Deco/Cars/FloatingCar00e.prefab
Car Line Spawner,Buildings,무한,Assets/_DLNK/Neon City/[Prefabs]/City Builder/2_Deco/Street Deco/Cars/MovingCars/Car Line Spawner.prefab
CarTrail_00 Variant,Buildings,무한,Assets/_DLNK/Neon City/[Prefabs]/City Builder/2_Deco/Street Deco/Cars/MovingCars/CarTrail_00 Variant.prefab
FlyingCar00,Buildings,무한,Assets/_DLNK/Neon City/[Prefabs]/City Builder/2_Deco/Street Deco/Cars/MovingCars/FlyingCar00.prefab
FlyingCar00b Variant,Buildings,무한,Assets/_DLNK/Neon City/[Prefabs]/City Builder/2_Deco/Street Deco/Cars/MovingCars/FlyingCar00b Variant.prefab
FlyingCar00c Variant,Buildings,무한,Assets/_DLNK/Neon City/[Prefabs]/City Builder/2_Deco/Street Deco/Cars/MovingCars/FlyingCar00c Variant.prefab
FlyingCar00d Variant,Buildings,무한,Assets/_DLNK/Neon City/[Prefabs]/City Builder/2_Deco/Street Deco/Cars/MovingCars/FlyingCar00d Variant.prefab
FlyingCar00e Variant,Buildings,무한,Assets/_DLNK/Neon City/[Prefabs]/City Builder/2_Deco/Street Deco/Cars/MovingCars/FlyingCar00e Variant.prefab
FlyingCar00f Variant,Buildings,무한,Assets/_DLNK/Neon City/[Prefabs]/City Builder/2_Deco/Street Deco/Cars/MovingCars/FlyingCar00f Variant.prefab
FlyingCar01,Buildings,무한,Assets/_DLNK/Neon City/[Prefabs]/City Builder/2_Deco/Street Deco/Cars/MovingCars/FlyingCar01.prefab
FlyingCar01b Variant,Buildings,무한,Assets/_DLNK/Neon City/[Prefabs]/City Builder/2_Deco/Street Deco/Cars/MovingCars/FlyingCar01b Variant.prefab
FlyingCar01c Variant,Buildings,무한,Assets/_DLNK/Neon City/[Prefabs]/City Builder/2_Deco/Street Deco/Cars/MovingCars/FlyingCar01c Variant.prefab
FlyingCar01d Variant,Buildings,무한,Assets/_DLNK/Neon City/[Prefabs]/City Builder/2_Deco/Street Deco/Cars/MovingCars/FlyingCar01d Variant.prefab
FlyingCar01e Variant,Buildings,무한,Assets/_DLNK/Neon City/[Prefabs]/City Builder/2_Deco/Street Deco/Cars/MovingCars/FlyingCar01e Variant.prefab
FlyingCar01f Variant,Buildings,무한,Assets/_DLNK/Neon City/[Prefabs]/City Builder/2_Deco/Street Deco/Cars/MovingCars/FlyingCar01f Variant.prefab
FlyingTrain00,Buildings,무한,Assets/_DLNK/Neon City/[Prefabs]/City Builder/2_Deco/Street Deco/Cars/MovingCars/FlyingTrain00.prefab
FlyingTrain00b Variant,Buildings,무한,Assets/_DLNK/Neon City/[Prefabs]/City Builder/2_Deco/Street Deco/Cars/MovingCars/FlyingTrain00b Variant.prefab
UrbanCar00,Buildings,무한,Assets/_DLNK/Neon City/[Prefabs]/City Builder/2_Deco/Street Deco/Cars/UrbanCar00.prefab
UrbanCar00b,Buildings,무한,Assets/_DLNK/Neon City/[Prefabs]/City Builder/2_Deco/Street Deco/Cars/UrbanCar00b.prefab
UrbanCar00c,Buildings,무한,Assets/_DLNK/Neon City/[Prefabs]/City Builder/2_Deco/Street Deco/Cars/UrbanCar00c.prefab
UrbanCar00d,Buildings,무한,Assets/_DLNK/Neon City/[Prefabs]/City Builder/2_Deco/Street Deco/Cars/UrbanCar00d.prefab
UrbanCar00e Variant,Buildings,무한,Assets/_DLNK/Neon City/[Prefabs]/City Builder/2_Deco/Street Deco/Cars/UrbanCar00e Variant.prefab
CityTerrain_Rail_5x5,Buildings,무한,Assets/_DLNK/Neon City/[Prefabs]/City Builder/2_Deco/Street Deco/Railway/CityTerrain_Rail_5x5.prefab
CityTerrain_Rail_10x5,Buildings,무한,Assets/_DLNK/Neon City/[Prefabs]/City Builder/2_Deco/Street Deco/Railway/CityTerrain_Rail_10x5.prefab
CityTerrain_Rail_10x10,Buildings,무한,Assets/_DLNK/Neon City/[Prefabs]/City Builder/2_Deco/Street Deco/Railway/CityTerrain_Rail_10x10.prefab
UrbanTrain00,Buildings,무한,Assets/_DLNK/Neon City/[Prefabs]/City Builder/2_Deco/Street Deco/Railway/UrbanTrain00.prefab
UrbanTrain00b,Buildings,무한,Assets/_DLNK/Neon City/[Prefabs]/City Builder/2_Deco/Street Deco/Railway/UrbanTrain00b.prefab
UrbanTrain00c Variant,Buildings,무한,Assets/_DLNK/Neon City/[Prefabs]/City Builder/2_Deco/Street Deco/Railway/UrbanTrain00c Variant.prefab
RoadMark000,Buildings,무한,Assets/_DLNK/Neon City/[Prefabs]/City Builder/2_Deco/Street Deco/Road Marks/RoadMark000.prefab
RoadMark001,Buildings,무한,Assets/_DLNK/Neon City/[Prefabs]/City Builder/2_Deco/Street Deco/Road Marks/RoadMark001.prefab
RoadMark002,Buildings,무한,Assets/_DLNK/Neon City/[Prefabs]/City Builder/2_Deco/Street Deco/Road Marks/RoadMark002.prefab
RoadMark002b Variant,Buildings,무한,Assets/_DLNK/Neon City/[Prefabs]/City Builder/2_Deco/Street Deco/Road Marks/RoadMark002b Variant.prefab
RoadMark002c Variant,Buildings,무한,Assets/_DLNK/Neon City/[Prefabs]/City Builder/2_Deco/Street Deco/Road Marks/RoadMark002c Variant.prefab
RoadMark003,Buildings,무한,Assets/_DLNK/Neon City/[Prefabs]/City Builder/2_Deco/Street Deco/Road Marks/RoadMark003.prefab
RoadMark004,Buildings,무한,Assets/_DLNK/Neon City/[Prefabs]/City Builder/2_Deco/Street Deco/Road Marks/RoadMark004.prefab
RoadMark005,Buildings,무한,Assets/_DLNK/Neon City/[Prefabs]/City Builder/2_Deco/Street Deco/Road Marks/RoadMark005.prefab
RoadMark006,Buildings,무한,Assets/_DLNK/Neon City/[Prefabs]/City Builder/2_Deco/Street Deco/Road Marks/RoadMark006.prefab
RoadMark007,Buildings,무한,Assets/_DLNK/Neon City/[Prefabs]/City Builder/2_Deco/Street Deco/Road Marks/RoadMark007.prefab
RoadMark008,Buildings,무한,Assets/_DLNK/Neon City/[Prefabs]/City Builder/2_Deco/Street Deco/Road Marks/RoadMark008.prefab
RoadMark008b,Buildings,무한,Assets/_DLNK/Neon City/[Prefabs]/City Builder/2_Deco/Street Deco/Road Marks/RoadMark008b.prefab
RoadMark009,Buildings,무한,Assets/_DLNK/Neon City/[Prefabs]/City Builder/2_Deco/Street Deco/Road Marks/RoadMark009.prefab
RoadMark009b,Buildings,무한,Assets/_DLNK/Neon City/[Prefabs]/City Builder/2_Deco/Street Deco/Road Marks/RoadMark009b.prefab
RoadMark010,Buildings,무한,Assets/_DLNK/Neon City/[Prefabs]/City Builder/2_Deco/Street Deco/Road Marks/RoadMark010.prefab
RoadMark011,Buildings,무한,Assets/_DLNK/Neon City/[Prefabs]/City Builder/2_Deco/Street Deco/Road Marks/RoadMark011.prefab
RoadMark011b,Buildings,무한,Assets/_DLNK/Neon City/[Prefabs]/City Builder/2_Deco/Street Deco/Road Marks/RoadMark011b.prefab
RoadMark012,Buildings,무한,Assets/_DLNK/Neon City/[Prefabs]/City Builder/2_Deco/Street Deco/Road Marks/RoadMark012.prefab
RoadMark013,Buildings,무한,Assets/_DLNK/Neon City/[Prefabs]/City Builder/2_Deco/Street Deco/Road Marks/RoadMark013.prefab
RoadSign00,Buildings,무한,Assets/_DLNK/Neon City/[Prefabs]/City Builder/2_Deco/Street Deco/Road Signs/RoadSign00.prefab
RoadSign00b Variant,Buildings,무한,Assets/_DLNK/Neon City/[Prefabs]/City Builder/2_Deco/Street Deco/Road Signs/RoadSign00b Variant.prefab
RoadSign00c Variant,Buildings,무한,Assets/_DLNK/Neon City/[Prefabs]/City Builder/2_Deco/Street Deco/Road Signs/RoadSign00c Variant.prefab
RoadSign01,Buildings,무한,Assets/_DLNK/Neon City/[Prefabs]/City Builder/2_Deco/Street Deco/Road Signs/RoadSign01.prefab
RoadSign02,Buildings,무한,Assets/_DLNK/Neon City/[Prefabs]/City Builder/2_Deco/Street Deco/Road Signs/RoadSign02.prefab
RoadSign02b Variant,Buildings,무한,Assets/_DLNK/Neon City/[Prefabs]/City Builder/2_Deco/Street Deco/Road Signs/RoadSign02b Variant.prefab
RoadSign03,Buildings,무한,Assets/_DLNK/Neon City/[Prefabs]/City Builder/2_Deco/Street Deco/Road Signs/RoadSign03.prefab
RoadSign03b Variant,Buildings,무한,Assets/_DLNK/Neon City/[Prefabs]/City Builder/2_Deco/Street Deco/Road Signs/RoadSign03b Variant.prefab
RoadSign04,Buildings,무한,Assets/_DLNK/Neon City/[Prefabs]/City Builder/2_Deco/Street Deco/Road Signs/RoadSign04.prefab
TrafficLight00,Buildings,무한,Assets/_DLNK/Neon City/[Prefabs]/City Builder/2_Deco/Street Deco/Road Signs/TrafficLight00.prefab
TrafficLight001,Buildings,무한,Assets/_DLNK/Neon City/[Prefabs]/City Builder/2_Deco/Street Deco/Road Signs/TrafficLight001.prefab
TrafficLight002,Buildings,무한,Assets/_DLNK/Neon City/[Prefabs]/City Builder/2_Deco/Street Deco/Road Signs/TrafficLight002.prefab
StreetSculpture00,Buildings,무한,Assets/_DLNK/Neon City/[Prefabs]/City Builder/2_Deco/Street Deco/Sculptures/StreetSculpture00.prefab
StreetSculpture00b Variant,Buildings,무한,Assets/_DLNK/Neon City/[Prefabs]/City Builder/2_Deco/Street Deco/Sculptures/StreetSculpture00b Variant.prefab
Curb00,Buildings,무한,Assets/_DLNK/Neon City/[Prefabs]/City Builder/2_Deco/Street Deco/Sidewalk/Curb/Curb00.prefab
Curb00b,Buildings,무한,Assets/_DLNK/Neon City/[Prefabs]/City Builder/2_Deco/Street Deco/Sidewalk/Curb/Curb00b.prefab
Curb01,Buildings,무한,Assets/_DLNK/Neon City/[Prefabs]/City Builder/2_Deco/Street Deco/Sidewalk/Curb/Curb01.prefab
Curb02,Buildings,무한,Assets/_DLNK/Neon City/[Prefabs]/City Builder/2_Deco/Street Deco/Sidewalk/Curb/Curb02.prefab
CurbCorner00,Buildings,무한,Assets/_DLNK/Neon City/[Prefabs]/City Builder/2_Deco/Street Deco/Sidewalk/Curb/CurbCorner00.prefab
CurbCorner01,Buildings,무한,Assets/_DLNK/Neon City/[Prefabs]/City Builder/2_Deco/Street Deco/Sidewalk/Curb/CurbCorner01.prefab
CurbCorner02,Buildings,무한,Assets/_DLNK/Neon City/[Prefabs]/City Builder/2_Deco/Street Deco/Sidewalk/Curb/CurbCorner02.prefab
CurbLow00,Buildings,무한,Assets/_DLNK/Neon City/[Prefabs]/City Builder/2_Deco/Street Deco/Sidewalk/Curb/CurbLow00.prefab
CurbLow01,Buildings,무한,Assets/_DLNK/Neon City/[Prefabs]/City Builder/2_Deco/Street Deco/Sidewalk/Curb/CurbLow01.prefab
CurbLow02,Buildings,무한,Assets/_DLNK/Neon City/[Prefabs]/City Builder/2_Deco/Street Deco/Sidewalk/Curb/CurbLow02.prefab
CurbLow03,Buildings,무한,Assets/_DLNK/Neon City/[Prefabs]/City Builder/2_Deco/Street Deco/Sidewalk/Curb/CurbLow03.prefab
GardenPit_premade00,Buildings,무한,Assets/_DLNK/Neon City/[Prefabs]/City Builder/2_Deco/Street Deco/Sidewalk/GardenPit/GardenPit_premade00.prefab
GardenPit_premade00b Variant,Buildings,무한,Assets/_DLNK/Neon City/[Prefabs]/City Builder/2_Deco/Street Deco/Sidewalk/GardenPit/GardenPit_premade00b Variant.prefab
GardenPit_premade00c Variant,Buildings,무한,Assets/_DLNK/Neon City/[Prefabs]/City Builder/2_Deco/Street Deco/Sidewalk/GardenPit/GardenPit_premade00c Variant.prefab
GardenPit_premade00d Variant,Buildings,무한,Assets/_DLNK/Neon City/[Prefabs]/City Builder/2_Deco/Street Deco/Sidewalk/GardenPit/GardenPit_premade00d Variant.prefab
GardenPit_premade01,Buildings,무한,Assets/_DLNK/Neon City/[Prefabs]/City Builder/2_Deco/Street Deco/Sidewalk/GardenPit/GardenPit_premade01.prefab
GardenPit_premade01b Variant,Buildings,무한,Assets/_DLNK/Neon City/[Prefabs]/City Builder/2_Deco/Street Deco/Sidewalk/GardenPit/GardenPit_premade01b Variant.prefab
GardenPit_premade02,Buildings,무한,Assets/_DLNK/Neon City/[Prefabs]/City Builder/2_Deco/Street Deco/Sidewalk/GardenPit/GardenPit_premade02.prefab
GardenPit_premade02b Variant,Buildings,무한,Assets/_DLNK/Neon City/[Prefabs]/City Builder/2_Deco/Street Deco/Sidewalk/GardenPit/GardenPit_premade02b Variant.prefab
GardenPit_premade02c Variant,Buildings,무한,Assets/_DLNK/Neon City/[Prefabs]/City Builder/2_Deco/Street Deco/Sidewalk/GardenPit/GardenPit_premade02c Variant.prefab
GardenPitPart00,Buildings,무한,Assets/_DLNK/Neon City/[Prefabs]/City Builder/2_Deco/Street Deco/Sidewalk/GardenPit/GardenPitPart00.prefab
GardenPitPart001,Buildings,무한,Assets/_DLNK/Neon City/[Prefabs]/City Builder/2_Deco/Street Deco/Sidewalk/GardenPit/GardenPitPart001.prefab
GardenPitPart002,Buildings,무한,Assets/_DLNK/Neon City/[Prefabs]/City Builder/2_Deco/Street Deco/Sidewalk/GardenPit/GardenPitPart002.prefab
GardenPitPart003,Buildings,무한,Assets/_DLNK/Neon City/[Prefabs]/City Builder/2_Deco/Street Deco/Sidewalk/GardenPit/GardenPitPart003.prefab
GardenPitPart004,Buildings,무한,Assets/_DLNK/Neon City/[Prefabs]/City Builder/2_Deco/Street Deco/Sidewalk/GardenPit/GardenPitPart004.prefab
CityTerrain_Sidewalk_2.5,Buildings,무한,Assets/_DLNK/Neon City/[Prefabs]/City Builder/2_Deco/Street Deco/Sidewalk/Sidewalk Base/CityTerrain_Sidewalk_2.5.prefab
CityTerrain_Sidewalk_5,Buildings,무한,Assets/_DLNK/Neon City/[Prefabs]/City Builder/2_Deco/Street Deco/Sidewalk/Sidewalk Base/CityTerrain_Sidewalk_5.prefab
CityTerrain_Sidewalk_Corner1,Buildings,무한,Assets/_DLNK/Neon City/[Prefabs]/City Builder/2_Deco/Street Deco/Sidewalk/Sidewalk Base/CityTerrain_Sidewalk_Corner1.prefab
CityTerrain_Sidewalk_Corner2,Buildings,무한,Assets/_DLNK/Neon City/[Prefabs]/City Builder/2_Deco/Street Deco/Sidewalk/Sidewalk Base/CityTerrain_Sidewalk_Corner2.prefab
CityTerrain_Sidewalk_Corner3,Buildings,무한,Assets/_DLNK/Neon City/[Prefabs]/City Builder/2_Deco/Street Deco/Sidewalk/Sidewalk Base/CityTerrain_Sidewalk_Corner3.prefab
CityTerrain_Sidewalk_Corner004,Buildings,무한,Assets/_DLNK/Neon City/[Prefabs]/City Builder/2_Deco/Street Deco/Sidewalk/Sidewalk Base/CityTerrain_Sidewalk_Corner004.prefab
CityTerrain_Sidewalk_Corner005,Buildings,무한,Assets/_DLNK/Neon City/[Prefabs]/City Builder/2_Deco/Street Deco/Sidewalk/Sidewalk Base/CityTerrain_Sidewalk_Corner005.prefab
Ad_Holo00,Buildings,무한,Assets/_DLNK/Neon City/[Prefabs]/City Builder/2_Deco/Street Deco/Street Ads/Hologram/Ad_Holo00.prefab
Ad_Holo01 Variant,Buildings,무한,Assets/_DLNK/Neon City/[Prefabs]/City Builder/2_Deco/Street Deco/Street Ads/Hologram/Ad_Holo01 Variant.prefab
Ad_Holo02 Variant,Buildings,무한,Assets/_DLNK/Neon City/[Prefabs]/City Builder/2_Deco/Street Deco/Street Ads/Hologram/Ad_Holo02 Variant.prefab
Ad_Holo03 Variant,Buildings,무한,Assets/_DLNK/Neon City/[Prefabs]/City Builder/2_Deco/Street Deco/Street Ads/Hologram/Ad_Holo03 Variant.prefab
Ad_Holo4,Buildings,무한,Assets/_DLNK/Neon City/[Prefabs]/City Builder/2_Deco/Street Deco/Street Ads/Hologram/Ad_Holo4.prefab
Advert00,Buildings,무한,Assets/_DLNK/Neon City/[Prefabs]/City Builder/2_Deco/Street Deco/Street Ads/Misc/Advert00.prefab
Advert001,Buildings,무한,Assets/_DLNK/Neon City/[Prefabs]/City Builder/2_Deco/Street Deco/Street Ads/Misc/Advert001.prefab
Advert002,Buildings,무한,Assets/_DLNK/Neon City/[Prefabs]/City Builder/2_Deco/Street Deco/Street Ads/Misc/Advert002.prefab
AdvertBlock00,Buildings,무한,Assets/_DLNK/Neon City/[Prefabs]/City Builder/2_Deco/Street Deco/Street Ads/Misc/AdvertBlock00.prefab
AdvertBlock00b Variant,Buildings,무한,Assets/_DLNK/Neon City/[Prefabs]/City Builder/2_Deco/Street Deco/Street Ads/Misc/AdvertBlock00b Variant.prefab
AdvertBlock01,Buildings,무한,Assets/_DLNK/Neon City/[Prefabs]/City Builder/2_Deco/Street Deco/Street Ads/Misc/AdvertBlock01.prefab
AdvertBlock01b Variant,Buildings,무한,Assets/_DLNK/Neon City/[Prefabs]/City Builder/2_Deco/Street Deco/Street Ads/Misc/AdvertBlock01b Variant.prefab
AdvertBlock02,Buildings,무한,Assets/_DLNK/Neon City/[Prefabs]/City Builder/2_Deco/Street Deco/Street Ads/Misc/AdvertBlock02.prefab
AdvertBlock02b Variant,Buildings,무한,Assets/_DLNK/Neon City/[Prefabs]/City Builder/2_Deco/Street Deco/Street Ads/Misc/AdvertBlock02b Variant.prefab
Neon017,Buildings,무한,Assets/_DLNK/Neon City/[Prefabs]/City Builder/2_Deco/Street Deco/Street Ads/Misc/Neon017.prefab
Neon017b Variant,Buildings,무한,Assets/_DLNK/Neon City/[Prefabs]/City Builder/2_Deco/Street Deco/Street Ads/Misc/Neon017b Variant.prefab
Neon00,Buildings,무한,Assets/_DLNK/Neon City/[Prefabs]/City Builder/2_Deco/Street Deco/Street Ads/SignLetters/Neon00.prefab
Neon001,Buildings,무한,Assets/_DLNK/Neon City/[Prefabs]/City Builder/2_Deco/Street Deco/Street Ads/SignLetters/Neon001.prefab
Neon002,Buildings,무한,Assets/_DLNK/Neon City/[Prefabs]/City Builder/2_Deco/Street Deco/Street Ads/SignLetters/Neon002.prefab
Neon003,Buildings,무한,Assets/_DLNK/Neon City/[Prefabs]/City Builder/2_Deco/Street Deco/Street Ads/SignLetters/Neon003.prefab
Neon004,Buildings,무한,Assets/_DLNK/Neon City/[Prefabs]/City Builder/2_Deco/Street Deco/Street Ads/SignLetters/Neon004.prefab
Neon008,Buildings,무한,Assets/_DLNK/Neon City/[Prefabs]/City Builder/2_Deco/Street Deco/Street Ads/SignLetters/Neon008.prefab
Neon008b,Buildings,무한,Assets/_DLNK/Neon City/[Prefabs]/City Builder/2_Deco/Street Deco/Street Ads/SignLetters/Neon008b.prefab
Neon008c,Buildings,무한,Assets/_DLNK/Neon City/[Prefabs]/City Builder/2_Deco/Street Deco/Street Ads/SignLetters/Neon008c.prefab
Neon009,Buildings,무한,Assets/_DLNK/Neon City/[Prefabs]/City Builder/2_Deco/Street Deco/Street Ads/SignLetters/Neon009.prefab
Neon009b,Buildings,무한,Assets/_DLNK/Neon City/[Prefabs]/City Builder/2_Deco/Street Deco/Street Ads/SignLetters/Neon009b.prefab
Neon010,Buildings,무한,Assets/_DLNK/Neon City/[Prefabs]/City Builder/2_Deco/Street Deco/Street Ads/SignLetters/Neon010.prefab
Neon011,Buildings,무한,Assets/_DLNK/Neon City/[Prefabs]/City Builder/2_Deco/Street Deco/Street Ads/SignLetters/Neon011.prefab
Neon011b,Buildings,무한,Assets/_DLNK/Neon City/[Prefabs]/City Builder/2_Deco/Street Deco/Street Ads/SignLetters/Neon011b.prefab
Neon012,Buildings,무한,Assets/_DLNK/Neon City/[Prefabs]/City Builder/2_Deco/Street Deco/Street Ads/SignLetters/Neon012.prefab
Neon013,Buildings,무한,Assets/_DLNK/Neon City/[Prefabs]/City Builder/2_Deco/Street Deco/Street Ads/SignLetters/Neon013.prefab
Neon014,Buildings,무한,Assets/_DLNK/Neon City/[Prefabs]/City Builder/2_Deco/Street Deco/Street Ads/SignLetters/Neon014.prefab
Neon015,Buildings,무한,Assets/_DLNK/Neon City/[Prefabs]/City Builder/2_Deco/Street Deco/Street Ads/SignLetters/Neon015.prefab
Neon015b,Buildings,무한,Assets/_DLNK/Neon City/[Prefabs]/City Builder/2_Deco/Street Deco/Street Ads/SignLetters/Neon015b.prefab
Neon016,Buildings,무한,Assets/_DLNK/Neon City/[Prefabs]/City Builder/2_Deco/Street Deco/Street Ads/SignLetters/Neon016.prefab
Neon017,Buildings,무한,Assets/_DLNK/Neon City/[Prefabs]/City Builder/2_Deco/Street Deco/Street Ads/SignLetters/Neon017.prefab
AD_Structure00,Buildings,무한,Assets/_DLNK/Neon City/[Prefabs]/City Builder/2_Deco/Street Deco/Street Ads/WallLights/AD_Structure00.prefab
AD_Structure01,Buildings,무한,Assets/_DLNK/Neon City/[Prefabs]/City Builder/2_Deco/Street Deco/Street Ads/WallLights/AD_Structure01.prefab
AD_Structure02,Buildings,무한,Assets/_DLNK/Neon City/[Prefabs]/City Builder/2_Deco/Street Deco/Street Ads/WallLights/AD_Structure02.prefab
Neon005,Buildings,무한,Assets/_DLNK/Neon City/[Prefabs]/City Builder/2_Deco/Street Deco/Street Ads/WallLights/Neon005.prefab
Neon005b,Buildings,무한,Assets/_DLNK/Neon City/[Prefabs]/City Builder/2_Deco/Street Deco/Street Ads/WallLights/Neon005b.prefab
Neon005c,Buildings,무한,Assets/_DLNK/Neon City/[Prefabs]/City Builder/2_Deco/Street Deco/Street Ads/WallLights/Neon005c.prefab
Neon005d,Buildings,무한,Assets/_DLNK/Neon City/[Prefabs]/City Builder/2_Deco/Street Deco/Street Ads/WallLights/Neon005d.prefab
Neon005e,Buildings,무한,Assets/_DLNK/Neon City/[Prefabs]/City Builder/2_Deco/Street Deco/Street Ads/WallLights/Neon005e.prefab
Neon006,Buildings,무한,Assets/_DLNK/Neon City/[Prefabs]/City Builder/2_Deco/Street Deco/Street Ads/WallLights/Neon006.prefab
Neon006b,Buildings,무한,Assets/_DLNK/Neon City/[Prefabs]/City Builder/2_Deco/Street Deco/Street Ads/WallLights/Neon006b.prefab
Neon007,Buildings,무한,Assets/_DLNK/Neon City/[Prefabs]/City Builder/2_Deco/Street Deco/Street Ads/WallLights/Neon007.prefab
Neon007b,Buildings,무한,Assets/_DLNK/Neon City/[Prefabs]/City Builder/2_Deco/Street Deco/Street Ads/WallLights/Neon007b.prefab
Neon007c,Buildings,무한,Assets/_DLNK/Neon City/[Prefabs]/City Builder/2_Deco/Street Deco/Street Ads/WallLights/Neon007c.prefab
Neon008,Buildings,무한,Assets/_DLNK/Neon City/[Prefabs]/City Builder/2_Deco/Street Deco/Street Ads/WallLights/Neon008.prefab
Neon009,Buildings,무한,Assets/_DLNK/Neon City/[Prefabs]/City Builder/2_Deco/Street Deco/Street Ads/WallLights/Neon009.prefab
Neon009b Variant,Buildings,무한,Assets/_DLNK/Neon City/[Prefabs]/City Builder/2_Deco/Street Deco/Street Ads/WallLights/Neon009b Variant.prefab
BusStop00,Buildings,무한,Assets/_DLNK/Neon City/[Prefabs]/City Builder/2_Deco/Street Deco/Street Elements/BusStop00.prefab
ElevatorCap00,Buildings,무한,Assets/_DLNK/Neon City/[Prefabs]/City Builder/2_Deco/Street Deco/Street Elements/ElevatorCap00.prefab
ElevatorCap00b,Buildings,무한,Assets/_DLNK/Neon City/[Prefabs]/City Builder/2_Deco/Street Deco/Street Elements/ElevatorCap00b.prefab
ElevatorCap00c,Buildings,무한,Assets/_DLNK/Neon City/[Prefabs]/City Builder/2_Deco/Street Deco/Street Elements/ElevatorCap00c.prefab
Fastfood_street00,Buildings,무한,Assets/_DLNK/Neon City/[Prefabs]/City Builder/2_Deco/Street Deco/Street Elements/Fastfood_street00.prefab
Fastfood_street01 Variant,Buildings,무한,Assets/_DLNK/Neon City/[Prefabs]/City Builder/2_Deco/Street Deco/Street Elements/Fastfood_street01 Variant.prefab
SewerCover00,Buildings,무한,Assets/_DLNK/Neon City/[Prefabs]/City Builder/2_Deco/Street Deco/Street Furniture/SewerCover00.prefab
SewerCover00_00 Variant,Buildings,무한,Assets/_DLNK/Neon City/[Prefabs]/City Builder/2_Deco/Street Deco/Street Furniture/SewerCover00_00 Variant.prefab
SewerCover001,Buildings,무한,Assets/_DLNK/Neon City/[Prefabs]/City Builder/2_Deco/Street Deco/Street Furniture/SewerCover001.prefab
SewerCover001_00 Variant,Buildings,무한,Assets/_DLNK/Neon City/[Prefabs]/City Builder/2_Deco/Street Deco/Street Furniture/SewerCover001_00 Variant.prefab
SewerCover002,Buildings,무한,Assets/_DLNK/Neon City/[Prefabs]/City Builder/2_Deco/Street Deco/Street Furniture/SewerCover002.prefab
SewerCover002b,Buildings,무한,Assets/_DLNK/Neon City/[Prefabs]/City Builder/2_Deco/Street Deco/Street Furniture/SewerCover002b.prefab
Streetdeco00,Buildings,무한,Assets/_DLNK/Neon City/[Prefabs]/City Builder/2_Deco/Street Deco/Street Furniture/Streetdeco00.prefab
Streetdeco00_00 Variant,Buildings,무한,Assets/_DLNK/Neon City/[Prefabs]/City Builder/2_Deco/Street Deco/Street Furniture/Streetdeco00_00 Variant.prefab
Streetdeco00b,Buildings,무한,Assets/_DLNK/Neon City/[Prefabs]/City Builder/2_Deco/Street Deco/Street Furniture/Streetdeco00b.prefab
Streetdeco00c,Buildings,무한,Assets/_DLNK/Neon City/[Prefabs]/City Builder/2_Deco/Street Deco/Street Furniture/Streetdeco00c.prefab
Streetdeco001,Buildings,무한,Assets/_DLNK/Neon City/[Prefabs]/City Builder/2_Deco/Street Deco/Street Furniture/Streetdeco001.prefab
Streetdeco002,Buildings,무한,Assets/_DLNK/Neon City/[Prefabs]/City Builder/2_Deco/Street Deco/Street Furniture/Streetdeco002.prefab
Streetdeco002_00 Variant,Buildings,무한,Assets/_DLNK/Neon City/[Prefabs]/City Builder/2_Deco/Street Deco/Street Furniture/Streetdeco002_00 Variant.prefab
Streetdeco002b,Buildings,무한,Assets/_DLNK/Neon City/[Prefabs]/City Builder/2_Deco/Street Deco/Street Furniture/Streetdeco002b.prefab
Streetdeco002c,Buildings,무한,Assets/_DLNK/Neon City/[Prefabs]/City Builder/2_Deco/Street Deco/Street Furniture/Streetdeco002c.prefab
StreetFurniture00,Buildings,무한,Assets/_DLNK/Neon City/[Prefabs]/City Builder/2_Deco/Street Deco/Street Furniture/StreetFurniture00.prefab
StreetFurniture001,Buildings,무한,Assets/_DLNK/Neon City/[Prefabs]/City Builder/2_Deco/Street Deco/Street Furniture/StreetFurniture001.prefab
StreetFurniture002,Buildings,무한,Assets/_DLNK/Neon City/[Prefabs]/City Builder/2_Deco/Street Deco/Street Furniture/StreetFurniture002.prefab
StreetFurniture003,Buildings,무한,Assets/_DLNK/Neon City/[Prefabs]/City Builder/2_Deco/Street Deco/Street Furniture/StreetFurniture003.prefab
StreetFurniture004,Buildings,무한,Assets/_DLNK/Neon City/[Prefabs]/City Builder/2_Deco/Street Deco/Street Furniture/StreetFurniture004.prefab
Zipper00 Variant,Buildings,무한,Assets/_DLNK/Neon City/[Prefabs]/City Builder/2_Deco/Street Deco/Zipper Rail/Zipper00 Variant.prefab
ZipperRail00 Variant,Buildings,무한,Assets/_DLNK/Neon City/[Prefabs]/City Builder/2_Deco/Street Deco/Zipper Rail/ZipperRail00 Variant.prefab
ZipperRail01 Variant,Buildings,무한,Assets/_DLNK/Neon City/[Prefabs]/City Builder/2_Deco/Street Deco/Zipper Rail/ZipperRail01 Variant.prefab
ZipperRail02 Variant,Buildings,무한,Assets/_DLNK/Neon City/[Prefabs]/City Builder/2_Deco/Street Deco/Zipper Rail/ZipperRail02 Variant.prefab
ZipperRailCurve00 Variant,Buildings,무한,Assets/_DLNK/Neon City/[Prefabs]/City Builder/2_Deco/Street Deco/Zipper Rail/ZipperRailCurve00 Variant.prefab
Door00_small,Buildings,무한,Assets/_DLNK/Neon City/[Prefabs]/City Builder/3_Active/Doors/Door 00/Door00_small.prefab
Door01 Variant 0,Buildings,무한,Assets/_DLNK/Neon City/[Prefabs]/City Builder/3_Active/Doors/Door 01/Door01 Variant 0.prefab
Door01 Variant 1,Buildings,무한,Assets/_DLNK/Neon City/[Prefabs]/City Builder/3_Active/Doors/Door 01/Door01 Variant 1.prefab
Door01 Variant 2,Buildings,무한,Assets/_DLNK/Neon City/[Prefabs]/City Builder/3_Active/Doors/Door 01/Door01 Variant 2.prefab
Door01 Variant 3,Buildings,무한,Assets/_DLNK/Neon City/[Prefabs]/City Builder/3_Active/Doors/Door 01/Door01 Variant 3.prefab
GateLarge00 Variant,Buildings,무한,Assets/_DLNK/Neon City/[Prefabs]/City Builder/3_Active/Doors/GateLarge00/GateLarge00 Variant.prefab
ThinDoor 00 Variant,Buildings,무한,Assets/_DLNK/Neon City/[Prefabs]/City Builder/3_Active/Doors/ThinDoor 00/ThinDoor 00 Variant.prefab
Elevator00 Door Variant,Buildings,무한,Assets/_DLNK/Neon City/[Prefabs]/City Builder/3_Active/Elevator/Elevator00 Door Variant.prefab
Elevator00 Variant,Buildings,무한,Assets/_DLNK/Neon City/[Prefabs]/City Builder/3_Active/Elevator/Elevator00 Variant.prefab
Elevator01,Buildings,무한,Assets/_DLNK/Neon City/[Prefabs]/City Builder/3_Active/Elevator/Elevator01.prefab
Elevator02,Buildings,무한,Assets/_DLNK/Neon City/[Prefabs]/City Builder/3_Active/Elevator/Elevator02.prefab
ElevatorSystem01,Buildings,무한,Assets/_DLNK/Neon City/[Prefabs]/City Builder/3_Active/Elevator/ElevatorSystem01.prefab
ElevatorSystem01b Variant,Buildings,무한,Assets/_DLNK/Neon City/[Prefabs]/City Builder/3_Active/Elevator/ElevatorSystem01b Variant.prefab
ElevatorSystem02,Buildings,무한,Assets/_DLNK/Neon City/[Prefabs]/City Builder/3_Active/Elevator/ElevatorSystem02.prefab
ElevatorTriggerButton00,Buildings,무한,Assets/_DLNK/Neon City/[Prefabs]/City Builder/3_Active/Elevator/ElevatorTriggerButton00.prefab
RainFX,Buildings,무한,Assets/_DLNK/Neon City/Scene/NeonScene00/Source/RainFX.prefab
